,date,speaker,title,party,media,score,field,subject,link,knesset,gender,main-quote
149,21/05/2018,גלעד ארדן,על רישוי הפגנות,ליכוד,גל״צ,half true,חוק ומשפט,רישוי הפגנות,https://www.thewhistle.co.il/feed/O10Y9150wq,הכנסת ה-20,male,"""יש כרגע החלטה משפטית שהביאה לכך שלא צריך בכלל לבקש רישיון מראש על הפגנות"""
150,03/07/2019,גלעד ארדן,על השיפור ביחס המשטרה ליוצאי אתיופיה:,ליכוד,כאן ב׳,mostly true,חוק ומשפט,שיטור יתר,https://www.thewhistle.co.il/feed/kDy83MmWwa,מע׳ בחירות,male,"""בשנים האחרונות עשינו המון פעולות שהובילו בשנה האחרונה לירידה של 21% במעצרים בקרב בני הקהילה"""
151,30/07/2018,דב חנין,על סעיף 7ב בהצעת חוק הלאום,הרשימה המשותפת,103FM,mostly untrue,דת ומדינה,שוויון זכויות,https://www.thewhistle.co.il/feed/QrxOM7nW9B,הכנסת ה-20,male,"""הסעיף הזה הוא העתקה של חוק האזורים הנפרדים שחוקק בדרום אפריקה ב-1950, שאמר שכל קהילה יכולה לחיות בנפרד. הוא לא דיבר על העדפה לאף אחד [...] החוק עורר כל כך הרבה ביקורת שביהמ""ש של האפרטהייד ביטל אותו ב-1957"""
152,06/08/2017,דוד אמסלם,על חקירות רה״מ לדורותיהם,ליכוד,גלי ישראל,untrue,חוק ומשפט,חקירות נתניהו,https://www.thewhistle.co.il/feed/7nya1dRy9A,הכנסת ה-20,male,"״מה שקורה ב-20 שנה האחרונות - אני חוזר על זה כל פעם אבל כנראה שזה לא מחלחל מספיק - כל ראשי הממשלה מועמדים לדין באופן כמעט גורף ושיטתי"""
153,13/08/2017,דוד אמסלם,על ההפגנות בפ״ת,ליכוד,ערוץ הכנסת,untrue,חוק ומשפט,חקירות נתניהו,https://www.thewhistle.co.il/feed/Jm0AKYRyaM,הכנסת ה-20,male,"""הפגנה בלי רישיון היא לא חוקית"""
154,19/09/2017,דוד אמסלם,על סמכותה של המשטרה להמליץ על העמדה לדין,ליכוד,103FM,half true,חוק ומשפט,חקירות נתניהו,https://www.thewhistle.co.il/feed/QXx462pW78,הכנסת ה-20,male,"אמסלם: ""המשטרה, אין לה סמכות כזו [להמליץ על העמדה לדין של נחקרים]..."" מראיין: ""אבל זה סיכום החקירה, מה זה אין סמכות""אמסלם: ""אדוני, אין דבר כזה. המשטרה צריכה לחקור ולהעביר את הממצאים"" "
155,16/10/2017,דוד אמסלם,על היוזמה לאסור חקירות נגד ראש ממשלה מכהן,ליכוד,ערוץ 2,half true,חוק ומשפט,חקירות נתניהו,https://www.thewhistle.co.il/feed/3wW6KmGyD2,הכנסת ה-20,male,"""גם בחוק בצרפת אי אפשר לחקור את הנשיא, באיטליה אי אפשר לחקור"""
156,09/11/2017,דוד אמסלם,על שכרו בעיריית ירושלים,ליכוד,103FM,mostly untrue,"כנסת, ממשלה ומנהל ציבורי",שכר בעיריית ירושלים,https://www.thewhistle.co.il/feed/O4Wk2bm0jb,הכנסת ה-20,male,"""עזבתי את העירייה אחרי 14 שנה עם שכר של 20 אלף שקל"""
157,09/11/2017,דוד אמסלם,על עדכון שכרו בכנסת,ליכוד,103FM,TRUE,"כנסת, ממשלה ומנהל ציבורי","שכר הח""כים והשרים",https://www.thewhistle.co.il/feed/rVxwgnmxmA,הכנסת ה-20,male,"""אני וביטן מוותרים גם היום בכנסת על התוספת שלנו. אני חושב שזה רק אני והוא כמעט, כבר מאז תחילת הכנסת"""
158,21/11/2017,דוד אמסלם,"על חוק המלצות המשטרה, שימנע מהמשטרה לכתוב",ליכוד,ועדה בכנסת,untrue,חוק ומשפט,חקירות נתניהו,https://www.thewhistle.co.il/feed/2GWMp6n0nv,הכנסת ה-20,male,"""אם פער הזמנים היה שבוע-שבועיים לא הייתי מגיש את ההצעת חוק הזאת. אבל יש פה משהו מבני עקום, שהרבה פעמים אנשים מקבלים את ההחלטות של הפרקליטות אחרי שלוש-ארבע-חמש שנים מהרגע שהמשטרה [מעבירה את התיק לפרקליטות]"""
159,28/11/2017,דוד אמסלם,"על חוק ההמלצות, שימנע מהמשטרה לפרסם",ליכוד,כאן ב׳,untrue,חוק ומשפט,חקירות נתניהו,https://www.thewhistle.co.il/feed/Jm0AKJYyaM,הכנסת ה-20,male,"""היום אסור לפרסם את המלצת המשטרה בלי קשר לחוק הזה. אני כתבתי מכתב ליועמ""ש, אני רוצה להבין על איזה בסיס חוקי אתה נשען בזה שאתה נותן לפעמים היתרים לפרסם. אין חוק כזה. לכן, במשטר דמוקרטי מה שלא כתוב במפורש בחוק אסור לעשות, בעיקר כשאתה רומס זכויות אדם"""
160,28/11/2017,דוד אמסלם,"על חוק ההמלצות, שימנע מהמשטרה לפרסם",ליכוד,כאן ב׳,half true,חוק ומשפט,חקירות נתניהו,https://www.thewhistle.co.il/feed/QXx465RW78,הכנסת ה-20,male,"""זה נתון שנתן שי ניצן פרקליט המדינה. מתוך 18 אלף תיקים שהמשטרה ממליצה, כותבת לפרקליטות שיש תשתית ראייתית, בכ-80% הפרקליטות סוגרת את התיקים"""
161,01/12/2017,דוד אמסלם,על חוק ההמלצות,ליכוד,פייסבוק,untrue,חוק ומשפט,חקירות נתניהו,https://www.thewhistle.co.il/feed/kDy83BKWwa,הכנסת ה-20,male,"""חוק ההמלצות נוגע בכל התיקים המשטרתיים בעבירות שבתחום טיפול הפרקליטות, ועל כולם, ללא יוצא מן הכלל, יחול איסור פירסום על המלצת המשטרה. כאמור, כ- 30,000 תיקים ולא כ- 200, כפי שמנסים לצייר!!! [...] כ- 20,000 אזרחים מידי שנה, כמוכם וכמוני שכל עולמם חרב עליהם רק בגלל פרסום ההמלצה!"""
162,26/02/2018,דוד אמסלם,על ההתכתבויות בין השופטת לחוקר תיק 4000,ליכוד,גל״צ,untrue,חוק ומשפט,חקירות נתניהו,https://www.thewhistle.co.il/feed/8Oxr5rKyDq,הכנסת ה-20,male,"""יש פה אירוע דרמטי, חמור מאוד, אני בטוח שהוא לא התחיל אתמול, אתה יודע, אני לא משוכנע שהוא גם נעצר אצל השופטת הזאת [...] מתי ראית פעם ששופט לא מקבל בקשה של המשטרה לימי מעצר?"""
163,13/06/2018,דוד אמסלם,על העוזרת של מיצל׳ן,ליכוד,גל״צ,untrue,חוק ומשפט,חקירות נתניהו,https://www.thewhistle.co.il/feed/47yD8NeyGP,הכנסת ה-20,male,"""אני קראתי את הראיון שעשו על הדס קליין ושם בעצם פורטה חלק מהחקירה שלה. אני לא אמרתי שהיא הלכה לעיתון והיא הדליפה לעיתון את החקירה"""
164,20/11/2018,דוד אמסלם,על המלצות המשטרה שעוברות לפרקליטות,ליכוד,103FM,untrue,חוק ומשפט,חקירות נתניהו,https://www.thewhistle.co.il/feed/QXx46V2W78,הכנסת ה-20,male,"""כ-90% מהמלצות המשטרה לא מתקבלות על ידי הפרקליטות"""
165,21/01/2019,דוד אמסלם,על עריכת שימוע לראש הממשלה בתקופת בחירות:,ליכוד,103FM,untrue,חוק ומשפט,חקירות נתניהו,https://www.thewhistle.co.il/feed/2GWMplg0nv,מע׳ בחירות,male,"""כל החלטה שמשפיעה על מערכת הבחירות אסור לעשות אותה. זה ההנחיות שמאז ומתמיד היו במערכת בחירות, גם לפקידות וגם לדרג הנבחר [...] היועמ""ש גם כפוף לאותו כלל"""
166,03/03/2019,דוד אמסלם,על אישור עסקת המיזוג בין בזק ל-yes:,ליכוד,כאן ב׳,mostly untrue,חוק ומשפט,חקירות נתניהו,https://www.thewhistle.co.il/feed/Jm0AKmqyaM,מע׳ בחירות,male,"""ההחלטה הזאתי של הרגולטורים הייתה בכלל עוד לפני שראש הממשלה עוד היה שר התקשורת"""
167,03/08/2017,דוד ביטן,על ההפגנות בפ״ת,ליכוד,גלי ישראל,untrue,חוק ומשפט,חקירות נתניהו,https://www.thewhistle.co.il/feed/a5xQzJD0qA,הכנסת ה-20,male,"""קודם כל, אז שיציגו מי מממן, כיוון שזה עולה כסף [...] יש הנחיות של המשטרה שצריך אבטחה, ואבטחה עולה הרבה כסף"""
168,10/08/2017,דוד ביטן,על קבלת מתנות בידי עובדי ציבור,ליכוד,גלי ישראל,untrue,חוק ומשפט,חקירות נתניהו,https://www.thewhistle.co.il/feed/6a0JD6wyLN,הכנסת ה-20,male,"""החוק לא מתייחס, הוא מתייחס לאי קבלת מתנות, איסור, יש נוהל קבלת מתנות בדברים שקשורים לעבודה שלך. ושם אתה צריך לדווח. לגבי מתנות מחברים, אין חובת דיווח, אין איסור קבלה"""
169,16/09/2017,דוד ביטן,על סמכות ביהמ״ש לפסול חקיקה,ליכוד,ערוץ 10,TRUE,חוק ומשפט,"בג""ץ",https://www.thewhistle.co.il/feed/DKWRR4mWbj,הכנסת ה-20,male,"""פה גם בית משפט שלום יכול לבטל חוק"""
170,08/10/2017,דוד ביטן,"על פסיקת בג""ץ בעניין ההפגנות בפתח תקווה",ליכוד,גל״צ,untrue,חוק ומשפט,חקירות נתניהו,https://www.thewhistle.co.il/feed/NR0d2oVyBV,הכנסת ה-20,male,"""אז עכשיו כל אחד יכול לבוא, אלף, אלפיים, חמשת אלפים, רק לתת התראה של חצי שעה לפני זה"""
171,05/11/2017,דוד ביטן,על חוק עונש מוות למחבלים,ליכוד,גל״צ,untrue,חוץ ובטחון,סכסוך ישראלי-פלסטיני,https://www.thewhistle.co.il/feed/8Oxr5RgyDq,הכנסת ה-20,male,"""היתה הצעת חוק לפני שנה, שנתיים [...] הפסדנו בהצבעה בשני קולות ולא יכולנו להעביר, וראש הממשלה תמך בהצעה"""
172,12/11/2017,דוד ביטן,על שכרו של רה״מ,ליכוד,כאן ב׳,untrue,"כנסת, ממשלה ומנהל ציבורי",שכר ראש הממשלה,https://www.thewhistle.co.il/feed/RVxBjnaxZk,הכנסת ה-20,male,"""ראש ממשלה מרוויח כמו סגן ראש עיר וזה דבר שלא יעלה על הדעת"""
173,25/11/2017,דוד ביטן,על עבודות הרכבת בשבת,ליכוד,גל״צ,untrue,דת ומדינה,השבת,https://www.thewhistle.co.il/feed/O10Y93V0wq,הכנסת ה-20,male,"״הבעיה עם הרכבת, לצערי הרב, שאת כל העבודות שלהם הם עושים רק בשבת"""
174,23/05/2018,דוד ביטן,על הגיוס בצפון ת״א,ליכוד,גל״צ,untrue,דת ומדינה,חוק הגיוס,https://www.thewhistle.co.il/feed/6a0JDNAyLN,הכנסת ה-20,male,"""בצפון תל אביב הרבה מאוד לא מתגייסים"""
175,23/05/2018,דוד ביטן,על החקירה בעניינו,ליכוד,ערוץ 10,untrue,חוק ומשפט,חקירת ביטן,https://www.thewhistle.co.il/feed/jKx28EgWZq,הכנסת ה-20,male,"״אני לא יכול להיות שר, כל העניין הוא שבחקירה הם חסמו אותי. אם הייתי שר ונחקר יכולתי להישאר שר. אם אתה לא שר, אתה לא יכול להתמנות״"
176,07/07/2018,דוד ביטן,על זמן נסיעה מאופקים לתל-אביב,ליכוד,כנס,untrue,תחבורה,תחבורה,https://www.thewhistle.co.il/feed/QOxe2Rl0GE,הכנסת ה-20,male,"""אתה יכול היום לגור באופקים ולעבוד בתל אביב כי לוקח לך בדיוק 40 דקות להגיע לתל אביב"""
177,29/01/2019,דוד ביטן,על החוק לגבי הדלפות מחקירות,ליכוד,גל״צ,half true,חוק ומשפט,חקירות נתניהו,https://www.thewhistle.co.il/feed/kDy83kYWwa,מע׳ בחירות,male,"""החוק אומר שהדלפות זה עבירות פליליות, גם מי שמדליף וגם מי שאומר את ההדלפות, קרי – העיתונאים"""
178,10/10/2018,דני דנון,"בעקבות התפטרותה של שגרירת ארה""ב באו""ם",,ערוץ 20,mostly untrue,חוץ ובטחון,סכסוך ישראלי-פלסטיני,https://www.thewhistle.co.il/feed/DKWRRVbWbj,הכנסת ה-20,male,"""אנחנו נמצאים במומנטום מאוד חזק של נצחונות, העברנו החלטה בעצרת הכללית של גינוי החמאס"""
179,10/12/2018,דני דנון,"על הניסיון להעביר החלטה המגנה את חמאס בעצרת הכללית של האו""ם",ליכוד,רדיו קול-חי,mostly true,חוץ ובטחון,יחסים בינ״ל,https://www.thewhistle.co.il/feed/O4Wk2gg0jb,הכנסת ה-20,male,"""כשזה מגיע לישראל יש להם כללים שונים, ודרשו שיהיה רוב של שני-שליש [...] כשעברו הצעות נגד ישראל הן עברו ברוב רגיל"""
180,02/05/2019,דני דנון,"על האנטישמיות בארה""ב:",ליכוד,"גל""צ",half true,חוק ומשפט,פשעי שנאה,https://www.thewhistle.co.il/feed/QXx46GpW78,הכנסת ה-21,male,"""דו""ח של ה-FBI ל-2018 מציין עלייה במספרים: רוב פשעי השנאה היום בארצות הברית הם נגד יהודים"""
181,06/05/2019,דני דנון,"על הגיבוי בעולם לתקיפות צה""ל בעזה:",ליכוד,רשת,half true,חוץ ובטחון,סכסוך ישראלי-פלסטיני,https://www.thewhistle.co.il/feed/8d0G7Qr0Jn,הכנסת ה-21,male,"""לא רק ארה""ב – גם האיחוד האירופי, מזכ""ל האו""ם, מדינות רבות אמרו 'ישראל צודקת בהתקפות שלה'"""
182,23/10/2017,זאב אלקין,על ההצעה נגד חקירת ראש ממשלה מכהן,ליכוד,גל״צ,half true,חוק ומשפט,חקירות נתניהו,https://www.thewhistle.co.il/feed/dJxVq4My2D,הכנסת ה-20,male,"""החוק, מה שקוראים לו החוק הצרפתי, לא הומצא על ידי דודי אמסלם והוא לא הראשון שהציע לאמץ את זה במדינת ישראל. החוק הזה עלה משמעותית לאוויר העולם ונוסח בפעם הראשונה בעברית והוגש בימי ממשלת אולמרט על ידי חברי כנסת מקדימה"""
183,31/10/2017,זאב אלקין,על תכניתו לירושלים,ליכוד,פייסבוק,TRUE,חוץ ובטחון,סכסוך ישראלי-פלסטיני,https://www.thewhistle.co.il/feed/GPxPqX20a6,הכנסת ה-20,male,"""ישנן שתי שכונות גדולות במזרח ירושלים ששונות מכל שאר השכונות הערביות בעיר: מחנה פליטים שועפט וכפר עקב. בעבר התקבלה החלטה להעביר גדר הפרדה בתוך שטחה המוניציפלי של ירושלים שהשאירה את שתי השכונות הללו מחוץ לגדר [...] הערכות הן שגרים שם כ-150-100 אלף איש"""
184,23/12/2017,זאב אלקין,על התנאים לפיטורי רה״מ,ליכוד,ערוץ 10,TRUE,חוק ומשפט,חקירות נתניהו,https://www.thewhistle.co.il/feed/KRxooXDxOn,הכנסת ה-20,male,"""החוק על שר ועל ראש ממשלה הוא שונה [...] המחוקק חשב על זה, שלשלוח ראש ממשלה הביתה זה להחליף ממשלה, ומשטר, וקו אידאולוגי במדינת ישראל, ולכן הוא שם בחוק רף הרבה יותר גבוה"""
185,16/01/2018,זאב אלקין,על שכר השרים,ליכוד,גל״צ,mostly true,כלכלה,שכר,https://www.thewhistle.co.il/feed/QOxe2vk0GE,הכנסת ה-20,male,"""כל אותם חברי כנסת שתקפו אתמול את המהלך הזה מהאופוזיציה, רובם המוחלט לא ויתרו על התוספת שלהם"""
186,25/07/2018,זאב אלקין,על חוק הפונדקאות,ליכוד,רשת,mostly untrue,דת ומדינה,שוויון זכויות,https://www.thewhistle.co.il/feed/GPxPqkz0a6,הכנסת ה-20,male,"""שנתיים שיאיר לפיד היה שר בכיר ולא ישבו בממשלה מפלגות חרדיות, למה אז לא חוקקו את זה?"""
187,03/09/2018,זאב אלקין,"על החלטות אונסק""ו בעניין חברון וירושלים",ליכוד,גל״צ,half true,חוץ ובטחון,יחסים בינ״ל,https://www.thewhistle.co.il/feed/3wW6KkXyD2,הכנסת ה-20,male,"""לפני כשנה, אונסק""ו הכריזה על חברון כאתר מורשת פלסטיני, תוך התעלמות מוחלטת מההיסטוריה היהודית בחברון, וגם שורה של החלטות אחרות כמו ההחלטה שמוחקת את האופי היהודי של ירושלים [...] כל השיח על הר הבית כאתר מורשת מוסלמי בלבד"""
188,22/10/2018,זאב אלקין,על האוכלוסייה היהודית במזרח ירושלים,ליכוד,כאן ב׳,TRUE,חוץ ובטחון,סכסוך ישראלי-פלסטיני,https://www.thewhistle.co.il/feed/Z8yXDAPy42,הכנסת ה-20,male,"""היום 40% מהאוכלוסייה היהודית בירושלים מתגוררים מעבר לקו הירוק"""
189,09/11/2018,זאב אלקין,על ההכרה הבינלאומית בירושלים כבירת ישראל,ליכוד,רדיו ת״א,untrue,חוץ ובטחון,יחסים בינ״ל,https://www.thewhistle.co.il/feed/LK0Za3YxPk,הכנסת ה-20,male,"""עובדה שאף מדינה לא רוצה להעביר שגרירות למערב ירושלים, בלי שום קשר לששת הימים ולשליטה שלנו במזרח העיר"""
190,03/12/2018,זאב אלקין,על התפטרותו של ראש הממשלה לשעבר אהוד אולמרט,ליכוד,גל״צ,untrue,חוק ומשפט,חקירות נתניהו,https://www.thewhistle.co.il/feed/GPxPqa70a6,הכנסת ה-20,male,"""[לפני התפטרות אולמרט] היה כבר הליך בשלב מאוד מתקדם, היה ברור שתהיה המלצה של היועץ המשפטי לממשלה. אנחנו במקום אחר לגמרי"""
191,19/05/2019,זאב אלקין,על החסינות הנשיאותית בצרפת,ליכוד,כאן ב',mostly untrue,חוק ומשפט,החוק הצרפתי,https://www.thewhistle.co.il/feed/8Oxr5YgyDq,הכנסת ה-21,male,"""הם רוצים שיהיה רוב של 11 לקואליציה מול 7 לאופוזיציה… גם בוועדת הכנסת… יש כאן בקשה לדריסה חסרת תקדים"""
192,11/01/2018,זהבה גלאון,על חוק המרכולים,מרצ,כאן ב׳,untrue,דת ומדינה,השבת,https://www.thewhistle.co.il/feed/6a0JDLPyLN,הכנסת ה-20,female,"""החוק הזה [חוק המרכולים] הוא חוקף עוקף בג""ץ דרך אגב, שבג""ץ כבר אמר עליו ברוב דעות שהוא חוק שפוגע בזכויות יסוד"""
193,29/05/2018,חיים ילין,על השפעת ההתנקתות על העוני בעזה,עבודה,גלי ישראל,untrue,חוץ ובטחון,סכסוך ישראלי-פלסטיני,https://www.thewhistle.co.il/feed/1l0L196Wva,הכנסת ה-20,male,"""עובדתית, כל עוד אנחנו היינו ברצועת עזה [...] לא היה עוני ברצועת עזה"""
194,03/02/2019,חיים ילין,על צמצום הגירעון בתקופת לפיד במשרד האוצר:,עבודה,גל״צ,mostly untrue,כלכלה,תקציב המדינה,https://www.thewhistle.co.il/feed/8Oxr5oXyDq,מע׳ בחירות,male,"""[יאיר לפיד] סגר גירעון של 40 מיליארד שקל"""
195,16/10/2017,יאיר לפיד,על מצב המשק כשכיהן כשר אוצר,יש עתיד,כנס,mostly untrue,כלכלה,תקציב המדינה,https://www.thewhistle.co.il/feed/Xr0mzbvWpv,הכנסת ה-20,male,"""ב-2013 נתניהו העביר לי משק במשבר [...] בור תקציבי של 40 מיליארד שקל, גירעון משתולל, אבטלה גבוהה [...] ושנתיים אח""כ העברתי לו משק חזק, בור תקציבי 0, גירעון 2.6% מהנמוכים בתולדות המדינה, אבטלה מהנמוכות בתולדות המדינה"""
196,08/12/2017,יאיר לפיד,על הישגיו בתחום החברות הממשלתיות,יש עתיד,פייסבוק,half true,כלכלה,חברות ממשלתיות,https://www.thewhistle.co.il/feed/Z909OkJyqO,הכנסת ה-20,male,"""שינינו מהיסוד את כל דרך הניהול של החברות הממשלתיות, הוצאנו מהן את המינויים הפוליטיים והעברנו אותן מהפסד שנתי קבוע של מעל 600 מיליון שקל לרווח שנתי קבוע של מעל 2 מיליארד שקל"""
197,08/12/2017,יאיר לפיד,על הישגיו בתחום הדיור,יש עתיד,פייסבוק,mostly untrue,כלכלה,יוקר המחיה,https://www.thewhistle.co.il/feed/O10Y9LV0wq,הכנסת ה-20,male,״הרבעון האחרון שלי באוצר היתה הפעם הראשונה מאז 2007 בה מחירי הדיור ירדו במקצת״
198,08/12/2017,יאיר לפיד,על מינויי נשים במשרד האוצר בתקופתו,יש עתיד,פייסבוק,mostly untrue,דת ומדינה,שוויון זכויות,https://www.thewhistle.co.il/feed/O10Y9LV0wq,הכנסת ה-20,male,״הרבעון האחרון שלי באוצר היתה הפעם הראשונה מאז 2007 בה מחירי הדיור ירדו במקצת״
199,26/12/2017,יאיר לפיד,על תוקף חוק ההמלצות על תיק הצוללות,יש עתיד,כאן ב׳,untrue,חוק ומשפט,חקירות נתניהו,https://www.thewhistle.co.il/feed/2GWMpa90nv,הכנסת ה-20,male,"""החוק הזה [חוק ההמלצות] רלוונטי לגמרי. מפני שכל המטרה שלהם זה שהחוק יעבור לפני שנתניהו יוזמן לחקירה בפרשת הצוללות"""
200,27/12/2017,יאיר לפיד,על מו״מ בנושא ירושלים,יש עתיד,גל״צ,untrue,חוץ ובטחון,סכסוך ישראלי-פלסטיני,https://www.thewhistle.co.il/feed/QXx46kqW78,הכנסת ה-20,male,"״בפעם הראשונה והאחרונה שמישהו הציע להם לדון בחלוקת ירושלים, שזה אהוד ברק בדצמבר 2000, שגם זרק פנימה לסל 95% משטחי הגדה, הם אמרו ׳לא׳, והתחילו את האינתיפאדה השנייה"""
201,09/04/2018,יאיר לפיד,על תגובת ישראל לדיווחים על תקיפות לכאורה בסוריה,יש עתיד,גל״צ,untrue,חוץ ובטחון,המלחמה בסוריה,https://www.thewhistle.co.il/feed/O10Y9Ja0wq,הכנסת ה-20,male,"""ישראל הרשמית מעולם ולעולם לא מתבטאת בנושאים האלה"""
202,02/07/2018,יאיר לפיד,על חוק הגיוס החדש,יש עתיד,אולפן ynet,untrue,דת ומדינה,חוק הגיוס,https://www.thewhistle.co.il/feed/3wW6KQnyD2,הכנסת ה-20,male,"""אם שלוש שנים לא יעמדו ביעדים, הסנקציות הפליליות מופעלות באופן אוטומטי, ואנשים ילכו לבית סוהר"""
203,03/09/2018,יאיר לפיד,על השינוי במחירי המזון והדיור בתקופת כהונתה של הממשלה הנוכחית,יש עתיד,נאום,mostly untrue,כלכלה,יוקר המחיה,https://www.thewhistle.co.il/feed/rVxwg9QxmA,הכנסת ה-20,male,"""מאז הקמתה של הממשלה הזאת, מחירי הדירות עלו ב-13%, מחירי המזון עלו ב-8%"""
204,13/09/2018,יאיר לפיד,על השכר הריאלי במשק,יש עתיד,פייסבוק,untrue,כלכלה,יוקר המחיה,https://www.thewhistle.co.il/feed/dJxVqzKy2D,הכנסת ה-20,male,"""אתם יודעים מה זה שחיקת השכר הריאלי? זה שאתה מרוויח אותו דבר, אבל ההוצאות שלך גדלות כי הכל עולה יותר. סטטיסטית, זה המצב של רוב אזרחי מדינת ישראל. מרוויחים אותו דבר, מוציאים הרבה יותר"""
205,03/10/2018,יאיר לפיד,"על תגובת סבא""א לנאום נתניהו באו""ם",יש עתיד,גל״צ,untrue,חוץ ובטחון,הסכם הגרעין האיראני,https://www.thewhistle.co.il/feed/a5xQzG40qA,הכנסת ה-20,male,"""העובדה שסבא""א שולחים אנשים לבדוק את המידע שהוא הביא באו""ם רק שלושה ימים אחרי, זאת דוגמה לחורים בפיקוח שלהם [...] היו להם [לאירן] שלושה ימים לפנות את מה שהיה שם, ואז הזמינו את העיתונאים ואת סבא""א"""
206,03/10/2018,יאיר לפיד,"על הגדרת אונר""א לפליטים הפלסטינים",יש עתיד,גל״צ,mostly untrue,חוץ ובטחון,הסכם הגרעין האיראני,https://www.thewhistle.co.il/feed/O10Y96n0wq,הכנסת ה-20,male,"""היום אדם יכול להיוולד בוילה בפריז או בקטאר, ולקבל בבוקר שבו הוא נולד תעודת תושב או תעודת אזרח צרפתי, אבל הוא גם פליט פלסטיני"""
207,01/11/2018,יאיר לפיד,על פועלה של יעל גרמן בנושא חוק הפונדקאות,יש עתיד,רשת,TRUE,דת ומדינה,שוויון זכויות,https://www.thewhistle.co.il/feed/6a0JD9RyLN,הכנסת ה-20,male,"""בסוף הממשלה הקודמת ב-2014 העברנו בקריאה ראשונה את חוק הפונדקאות המלא, כולל הזכויות של הקהילה הלהט""בית ורק אז הממשלה נפלה"""
208,19/12/2018,יאיר לפיד,על מחירי החשמל בתקופתו כשר אוצר,יש עתיד,פייסבוק,mostly untrue,כלכלה,יוקר המחיה,https://www.thewhistle.co.il/feed/3wW6K3YyD2,הכנסת ה-20,male,"""עם כניסתי למשרד האוצר [...] מחירי החשמל היו בשיא של כל הזמנים. פחות משנתיים אחר כך, כשנתניהו פירק את הממשלה, הם היו כבר בירידה תלולה"""
209,19/12/2018,יאיר לפיד,על השקעות הממשלה בחדשנות,יש עתיד,נאום,untrue,כלכלה,תקציב המדינה,https://www.thewhistle.co.il/feed/a5xQz8D0qA,הכנסת ה-20,male,"""הממשלה הזאת כל שנה הורידה עוד 300 מיליון שקל מתקציב הרשות הלאומית לחדשנות, יחד זה יותר ממיליארד"""
210,12/01/2019,יאיר לפיד,על עלות סל שירותי הבריאות בישראל,יש עתיד,רשת,untrue,כלכלה,תקציב הבריאות,https://www.thewhistle.co.il/feed/6a0JD4wyLN,מע׳ בחירות,male,"""המטוס של ראש הממשלה עולה 580 מיליון, סל הבריאות במדינת ישראל הוא 460 מיליון שקל. יהיה לו מטוס שעולה יותר מכל סל הבריאות של כל האנשים החולים במדינת ישראל"""
211,15/01/2019,יאיר לפיד,על עלות סל שירותי הבריאות בישראל,יש עתיד,כאן ב׳,TRUE,כלכלה,תקציב הבריאות,https://www.thewhistle.co.il/feed/AqW78OwyaJ,מע׳ בחירות,male,"""ראש הממשלה קונה לעצמו מטוס ב-580 מיליון שקל, כשהתוספת לסל הבריאות היא רק 460 מיליון שקל""."
212,28/01/2019,יאיר לפיד,"על פעילות מפלגתו לשילוב חרדים בצה""ל ובשוק העבודה",יש עתיד,פייסבוק,half true,דת ומדינה,חוק הגיוס,https://www.thewhistle.co.il/feed/36xj81OWRd,מע׳ בחירות,male,"""אנחנו המפלגה היחידה שהצליחה להעביר חוק גיוס אמיתי, עם שיניים, שהוביל לכך שיותר חרדים התגייסו ויותר חרדים יצאו לשוק העבודה"""
213,04/05/2019,יאיר לפיד,על ההבדל בקצבאות לקשישים ולתלמידי ישיבות:,כחול לבן,קשת,untrue,"עבודה, רווחה ובריאות",קצבאות זיקנה,https://www.thewhistle.co.il/feed/Jm0AKdgyaM,הכנסת ה-21,male,"""אם יש היום סבא בן 80 שלחם בכל מלחמות ישראל, הוא מקבל קצבה של 2,432 שקל, אבל אם יש תלמיד ישיבה בן 19, שמשתמט מגיוס לצה""ל, הוא יקבל 8,000 שקל עכשיו, כי זה מה שהם סידרו לו בממשלה הזאת"""
214,03/07/2019,יאיר לפיד,על המפנה בביצועי החברות הממשלתיות בזמן כהונתו כשר אוצר:,כחול לבן,נאום,mostly true,כלכלה,חברות ממשלתיות,https://www.thewhistle.co.il/feed/VnWb27NWve,מע׳ בחירות,male,"""השארתי לנתניהו חברות ממשלתיות שמרוויחות יותר מ-2 מיליארד שקל בשנה. כשקיבלתי אותן הן הפסידו 600 מיליון שקל בשנה"""
215,18/07/2019,יאיר לפיד,על הסיבות לגירעון התקציבי:,כחול לבן,גלובס,mostly untrue,כלכלה,גירעון,https://www.thewhistle.co.il/feed/O4WkkKVWjb,מע׳ בחירות,male,"""ההוצאה הציבורית בשנה האחרונה עלתה ב-10%. ההכנסות ירדו מתחת לתחזיות כי לא גבו ולא תפעלו את המשק כמו שצריך"""
216,16/07/2019,יבגני סובה,על הטבות לחיילים משוחררים:,ישראל ביתנו,גל״צ,half true,כלכלה,הטבות למשוחררים ומילואימנייקים,https://www.thewhistle.co.il/feed/NR0dqZ4WBV,מע׳ בחירות,male,"""מענק של יותר מאלף שקל בחודש לכל חייל בודד משוחרר, הטבות לחיילי מילואים עצמאים, את זה קידם שר הביטחון ליברמן"""
217,04/12/2017,יהודה גליק,על יוזמתו להרחיב את האיסור על מכירת מוצרי טבק,ליכוד,כאן ב׳,half true,"עבודה, רווחה ובריאות",מערכת הבריאות,https://www.thewhistle.co.il/feed/47yD8VGyGP,הכנסת ה-20,male,"""זה חוק שפועל היום ב-18 מדינות בארצות הברית, ובכל מקום שהוא פועל צמצם את [צריכת] הסיגריות בקרב צעירים ב-50%. ונזכיר ש-90% מהמעשנים מתחילים בגיל צעיר, בגיל תיכון או עד גיל 21"""
218,18/02/2018,יהודה גליק,על מפלגת החירות האוסטרית,ליכוד,גל״צ,mostly untrue,חוץ ובטחון,יחסים בינ״ל,https://www.thewhistle.co.il/feed/DKWRR8AWbj,הכנסת ה-20,male,"""מאז ששטראכה עומד בראש המפלגה הוא הוציא כל גורם שהיה בו אלמנט אנטישמי, נאו-נאצי [...] את עמדתי [לגבי מנהיג המפלגה] מבטאת גם השגרירה שלנו באוסטריה"""
219,14/09/2018,יהודה גליק,על האוכלוסייה היהודית והפלסטינית מעבר לקו הירוק,ליכוד,רדיו ת״א,untrue,חוץ ובטחון,סכסוך ישראלי-פלסטיני,https://www.thewhistle.co.il/feed/47yD8KByGP,הכנסת ה-20,male,"""יש פה היום כשני מיליון פלסטינים פלוס מינוס. חיים פה, מעבר לקו הירוק, כמעט מיליון יהודים, כולל מזרח ירושלים"""
220,02/01/2018,יואב בן צור,על חוק המרכולים,"ש""ס",כאן ב׳,untrue,דת ומדינה,השבת,https://www.thewhistle.co.il/feed/wzy5Kmw0Q6,הכנסת ה-20,male,"""אף אחד לא הגיש הסתייגות [בעניין פתיחת חנויות נוחות בתחנות דלק] [...] תחנות הדלק נמצאות בשטחן של המועצות האזוריות, למועצות האזוריות אין חוק עזר שמחייב אותן לעשות דבר כזה. אין חוקי עזר במועצות אזוריות. שם אין לנו יכולת לומר דבר וחצי דבר"""
221,14/11/2017,יואב גלנט,על מחירי הדיור,ליכוד,גל״צ,mostly untrue,כלכלה,יוקר המחיה,https://www.thewhistle.co.il/feed/a5xQzne0qA,הכנסת ה-20,male,"""אנחנו קיבלנו לידינו את התהליך הזה ובו כל שנה מחירי הדיור היו עולים ב-10% עד 15% ובסך הכל 100% בעשור - המצב הזה נבלם"""
222,18/06/2018,יואב גלנט,על רמת החיים ברמאללה,ליכוד,כאן ב׳,untrue,חוץ ובטחון,סכסוך ישראלי-פלסטיני,https://www.thewhistle.co.il/feed/O4Wk2910jb,הכנסת ה-20,male,"""כשמישהו בא אליך עם יד מושטת ובסך הכל מתנהג כמו שצריך אז הוא מקבל חיים כמו שקורה ברמאללה, עם רמת חיים יותר גבוהה מכל העולם הערבי"""
223,10/07/2018,יואב גלנט,על הדיור הציבורי בישראל,ליכוד,רשת,mostly true,"עבודה, רווחה ובריאות",דיור ציבורי,https://www.thewhistle.co.il/feed/GkxzveYxo5,הכנסת ה-20,male,"""היינו פעם ב-23% מהדירות דיור ציבורי, היום אנחנו ב-2.5% [...] הדבר הזה לא תואם שום מדינה, כולל מדינות שאינן מדינות רווחה, שבהן מחזיקים 5-7% ממלאי הדיור כמלאי דיור ציבורי"""
224,23/02/2019,יואב גלנט,על הסכמי העודפים בכנסת העשרים,ליכוד,רשת,untrue,"כנסת, ממשלה ומנהל ציבורי",בחירות לכנסת,https://www.thewhistle.co.il/feed/O10Y9bl0wq,מע׳ בחירות,male,"""היה הסכם עודפים בין מפלגת העבודה לבין הרשימה המשותפת בבחירות הקודמות""."
225,02/01/2018,יואב קיש,על חוק המרכולים,ליכוד,ערוץ הכנסת,untrue,דת ומדינה,השבת,https://www.thewhistle.co.il/feed/O10Y9vX0wq,הכנסת ה-20,male,"""חוק המרכולים הוא חוק שמשמר סטטוס קוו [...] החוק נבע בעקבות פסילת בג""ץ של חוק דומה שדיבר על כך ששר הפנים יצטרך להמליץ, לתת התייחסותו. בא בג""ץ ופסל את זה"""
226,22/01/2018,יואב קיש,על חזקת הגיל הרך,ליכוד,כאן ב׳,untrue,דת ומדינה,שוויון זכויות,https://www.thewhistle.co.il/feed/aVyNX8X0K8,הכנסת ה-20,male,"""ח""כ שולי מועלם הכניסה סעיף שאומר 'מידת הטיפול שהעניק כל אחד מההורים לקטין בשנתיים שקדמו לפירוד'. הסעיף הזה כבר ועדת שניט קבעה שזה לא טובת הילד"""
227,29/01/2018,יואב קיש,על מבקשי מקלט אריתראים,ליכוד,גל״צ,untrue,דת ומדינה,הגירה,https://www.thewhistle.co.il/feed/a5xQzbb0qA,הכנסת ה-20,male,"""כ- 12,000 חזרו מרצון למדינות אפריקאיות, מתוכם כ- 80% חזרו לאריתריאה"""
228,07/08/2017,יואל חסון,על מינוי היועמ״ש,התנועה,גלי ישראל,mostly untrue,חוק ומשפט,חקירות נתניהו,https://www.thewhistle.co.il/feed/O10Y9X20wq,הכנסת ה-20,male,"""השינוי הזה שבו ראש הממשלה ממנה את היועץ המשפטי לממשלה זה שינוי שנתניהו עשה. הוא שינה את החוק. בעבר, ראשי ממשלות ממש לא מינו את היועץ המשפטי לממשלה. הממשלה אישרה, אבל הם לא מינו. היתה ועדה ציבורית שבחרה אותם"""
229,03/01/2018,יובל שטייניץ,על עונש מוות למחבלים,ליכוד,103FM,TRUE,חוץ ובטחון,סכסוך ישראלי-פלסטיני,https://www.thewhistle.co.il/feed/Z909O3wyqO,הכנסת ה-20,male,"""כל אירופה ביטלה את עונש המוות, כולל רוסיה, חוץ ממדינה אחת. יש היום עונש מוות רק במדינה אחת באירופה - בבלרוס [...] ובמזרח התיכון, המצב בדיוק הפוך. בכל המדינות יש עונש מוות, ורק ישראל היא המדינה היחידה שאין בה עונש מוות"""
230,20/01/2018,יובל שטייניץ,על תפקודו כשר אוצר,ליכוד,ערוץ 10,mostly untrue,כלכלה,תקציב המדינה,https://www.thewhistle.co.il/feed/qX0nzla0N9,הכנסת ה-20,male,"""יאיר לפיד קיבל ממני את הכלכלה מספר אחד ב-OECD במערב כולו בצמיחה ובצמיחה לנפש [...] והחזיר כלכלה שירדה רחוק מאוד מהמקום הראשון והטוב שלה"""
231,23/01/2018,יובל שטייניץ,על הסכמי הגליית זרים,ליכוד,גל״צ,mostly untrue,דת ומדינה,הגירה,https://www.thewhistle.co.il/feed/7nya1lvy9A,הכנסת ה-20,male,"""גם צרפת יש לה תכנית דומה, וגם איטליה ומדינות אחרות באירופה, של לשלם איזשהו תשלום או תמיכה כלכלית ולהחזיר אנשים לאפריקה"""
232,29/06/2018,יובל שטייניץ,על המשבר במשק המים בישראל,ליכוד,רדיו ת״א,untrue,סביבה,משק המים,https://www.thewhistle.co.il/feed/O4Wk2940jb,הכנסת ה-20,male,"""בפעם הראשונה בהיסטוריה הכנרת מתקרבת לקו השחור"""
233,02/07/2018,יובל שטייניץ,"על כנס ""ילדים תחת כיבוש"" בכנסת",ליכוד,כאן ב׳,untrue,חוץ ובטחון,סכסוך ישראלי-פלסטיני,https://www.thewhistle.co.il/feed/a5xQz630qA,הכנסת ה-20,male,"""הארגון המשמעותי שמאחורי הכנס הוא 'הארגון הבינלאומי לזכויות הילדים - פלסטין', שחתום על אמנת ה-BDS"""
234,25/12/2018,יובל שטייניץ,על הצטרפות ישראל ל-OECD,ליכוד,כאן ב׳,half true,כלכלה,תקציב המדינה,https://www.thewhistle.co.il/feed/7nya1VRy9A,הכנסת ה-20,male,"""בראשות נתניהו בעשור האחרון, היינו הראשונים לצאת מהמשבר הכלכלי הגלובלי והצטרפנו ל-OECD"""
235,24/02/2019,יובל שטייניץ,על הסכמי עודפים עם מפלגות ערביות,ליכוד,כאן ב׳,untrue,"כנסת, ממשלה ומנהל ציבורי",בחירות לכנסת,https://www.thewhistle.co.il/feed/QrxOMvYW9B,מע׳ בחירות,male,"""יש גם הסכמי עודפים בין מפלגות בשמאל למפלגות הערביות ששוללות את זכות קיומה של ישראל כמדינה יהודית [...] היו הרבה בעבר"""
236,10/03/2019,יובל שטייניץ,על הגירעון התקציבי בעת סיום כהונתו:,ליכוד,גל״צ,untrue,כלכלה,תקציב המדינה,https://www.thewhistle.co.il/feed/YMWp5ZEyKk,מע׳ בחירות,male,"- מראיין: ""לפיד יזכיר שהירושה שהוא קיבל ממך באוצר זה גירעון של 40 מיליארד שקל"". - שטייניץ:  ""זה היה שנה לפני שהוא נכנס לתפקיד, הוא קיבל ממני כבר גירעון שירד"" "
237,19/03/2019,יובל שטייניץ,על הפקת אנרגיה מגז טבעי:,ליכוד,"גל""צ",mostly untrue,חוק ומשפט,חקירות נתניהו,https://www.thewhistle.co.il/feed/a5xQzZl0qA,מע׳ בחירות,male,"""למעשה, גז טבעי - אפס זיהום. הפחם הורג, הגז הטבעי מציל חיים"""
238,10/04/2019,יובל שטייניץ,על ממשלות ימין צרות:,ליכוד,103FM,mostly true,"כנסת, ממשלה ומנהל ציבורי",הרכב ממשלות,https://www.thewhistle.co.il/feed/O4Wk26m0jb,מע׳ בחירות,male,״דווקא ממשלות צרות יותר - ממשלות ימין יחסית צרות החזיקו מעמד והיו [...] לא פחות יציבות ואולי יותר יציבות מממשלות איחוד גדולות״. 
239,18/04/2019,יובל שטייניץ,"על עומס התיקים בבג""צ:",ליכוד,כאן ב',misleading,חוק ומשפט,"ביהמ""ש העליון",https://www.thewhistle.co.il/feed/ORxK91JWjK,מע׳ בחירות,male,"""[צריך] לרסן את האקטיביזם השיפוטי, שלא קיים בשום מדינה אחרת ברמות כאלה [...] בארה""ב יש 330 מיליון תושבים, ובית המשפט העליון דן בממוצע בכל שנה ב-70 עתירות. בישראל רק 8.5 מיליון תושבים. בית המשפט העליון דן ב-3,000 עד 4,000 תיקים"""
240,05/06/2019,יובל שטייניץ,על הכנסות המדינה מגז טבעי:,ליכוד,כאן ב׳,mostly untrue,כלכלה,מתווה הגז,https://www.thewhistle.co.il/feed/nJy3YNG0PO,הכנסת ה-21,male,"""מאז ועדת ששינסקי, שעשיתי אותה כשר אוצר, אנחנו מקבלים שני שליש מהרווחים מהגז הטבעי, אזרחי ישראל"""
241,10/08/2017,יוסי דגן,על חקירות ברק,,כאן ב׳,untrue,חוק ומשפט,חקירות נתניהו,https://www.thewhistle.co.il/feed/Xr0mz11Wpv,הכנסת ה-20,male,"""אהוד ברק שעלה לשלטון על עמותות קש ואנשיו, כמו בוז'י הרצוג, ששתקו בחקירות, שמבקר המדינה קבע שייתכן שנקנה שלטון בכסף לכאורה, הוא מטיף עכשיו על החשוד נתניהו"""
242,14/04/2019,יועז הנדל,"על שיעורי החינוך הציוני והגיוס לצה""ל:",כחול לבן,כאן ב',untrue,דת ומדינה,חוק הגיוס,https://www.thewhistle.co.il/feed/YXylJB40w2,מע׳ בחירות,male,"""מעל 50% מתלמידי כיתות א' לומדים בחינוך לא ציוני [...] ורק 50% מהצעירים במדינת ישראל מתגייסים ו-43% מסיימים שירות מלא"""
243,14/05/2019,יועז הנדל,על שיעור החינוך הציוני וגיוס לצה״ל:,כחול לבן,כאן ב׳,half true,"חינוך, תרבות וספורט",חינוך לציונות,https://www.thewhistle.co.il/feed/YXylJB40w2,הכנסת ה-21,male,"""מעל 50% מתלמידי כיתות א' לומדים בחינוך לא ציוני [...] ורק 50% מהצעירים במדינת ישראל מתגייסים ו-43% מסיימים שירות מלא"""
244,20/12/2017,יעל גרמן,על ייצוא קנאביס,יש עתיד,גל״צ,half true,כלכלה,ייצוא קנאביס,https://www.thewhistle.co.il/feed/nJy3YbJ0PO,הכנסת ה-20,female,"""כמעט ואין מדינה בעולם שמייצאת קנאביס ולא בכדי, לרבות הולנד שבה זה חופשי לחלוטין. אבל הולנד לא מייצאת את הקנאביס"""
245,15/07/2019,יעל גרמן,על חקיקה נגד טיפולי המרה ללהט״ביםף,כחול לבן,גל״צ,TRUE,דת ומדינה,טיפולי המרה,https://www.thewhistle.co.il/feed/RVxBGrw0Zk,מע׳ בחירות,female,"""ניסיתי שלוש פעמים להעביר את זה, ובכל השלוש, בממשלה בראשות נתניהו שכביכול נזף ברב פרץ, החוק לא עבר"""
246,03/04/2018,יעל כהן פארן,על מס׳ התיכונים בדרום ת״א,עבודה,פייסבוק,untrue,דת ומדינה,הגירה,https://www.thewhistle.co.il/feed/M8W1Oonxge,הכנסת ה-20,female,"""יש לבנות תיכון עירוני נוסף בדרום העיר. לא ייתכן שבדרום העיר יש רק תיכון עיוני אחד לעומת חלקים אחרים"""
247,11/09/2017,יעקב ליצמן,על הגירעון בהדסה,יהדות התורה,גל״צ,untrue,"עבודה, רווחה ובריאות",מערכת הבריאות,https://www.thewhistle.co.il/feed/6a0JDM9yLN,הכנסת ה-20,male,"""כשאני עזבתי את סגן שר הבריאות הגירעון היה 150 מיליון שקל בהדסה, חזרתי לתפקידי אחרי שנה ושלושת רבעי, כאשר הגירעון היה מיליארד שלוש מאות"""
248,26/12/2017,יעקב ליצמן,על יוזמתו שראשי ממשלה יידרשו להיות בעלי ניסיון צבאי או תואר אקדמי,יהדות התורה,רשת,untrue,"כנסת, ממשלה ומנהל ציבורי",ניסיון צבאי,https://www.thewhistle.co.il/feed/qX0nzXm0N9,הכנסת ה-20,male,"ליצמן: ""ראש ממשלה, צריך להיות לו ניסיון עשיר בקרבי, בצבא, בנושא הצבאי""הילה קורח: ""למה? היו הרי שרי ביטחון שלא היו קרביים""ליצמן: ""לא היו. כולם היו פחות או יותר, ידעו את זה, היו מעורבים, כולם מאז קום המדינה"" "
249,04/03/2018,יעקב ליצמן,על הצ״ח יסוד לימוד תורה,יהדות התורה,103FM,mostly untrue,דת ומדינה,חוק הגיוס,https://www.thewhistle.co.il/feed/VnWb2ADWve,הכנסת ה-20,male,"""המשימה שלי היא להעביר את החוק הזה. החוק הזה הוסכם בהסכם הקואליציוני, זאת אומרת, זה לא דבר חדש"""
250,31/10/2018,יעקב ליצמן,על פועלה של יעל גרמן בנושא חוק הפונדקאות,יהדות התורה,נאום,untrue,דת ומדינה,שוויון זכויות,https://www.thewhistle.co.il/feed/3wW6K5YyD2,הכנסת ה-20,male,"""את היית שרת הבריאות כשאף חרדי לא היה בתוך הקואליציה. היה לך שנתיים לעשות משהו, לא עשיתם כלום"""
251,07/04/2019,יעקב ליצמן,על המחסור במיטות אשפוז בבתי חולים:,יהדות התורה,"גל""צ",mostly untrue,כלכלה,תקציב הבריאות,https://www.thewhistle.co.il/feed/NR0d2jVyBV,מע׳ בחירות,male,"""ארבע שנים הוספתי כל שנה 200 מיטות למערכת הבריאות בבתי חולים ממשלתיים. מעבר לכך, הוספתי גם בית חולים באמצע קדנציה באשדוד, אסותא, 350 מיטות"""
252,07/04/2019,יעקב ליצמן,על פועלו בתחום הבריאות:,יהדות התורה,"גל""צ",TRUE,תחבורה,תעופה,https://www.thewhistle.co.il/feed/6a0JDm9yLN,מע׳ בחירות,male,"""מפלגת יהדות התורה היא המפלגה היחידה שבהסכם הקואליציוני הקודם דאגה לבריאות"""
253,04/03/2019,יפעת שאשא-ביטון,על מחירי החשמל,כולנו,רשת,untrue,כלכלה,יוקר המחיה,https://www.thewhistle.co.il/feed/KRxoozvxOn,מע׳ בחירות,female,"""בתחילת הקדנציה, לפני ארבע שנים, שילמו 20% פחות. זאת אומרת, היום, אחרי ההתייקרות, אנחנו מדברים על כך שהציבור משלם 17% פחות משהם שילמו לפני ארבע שנים"""
254,09/07/2019,יפעת שאשא-ביטון,על העברת אגף מעונות היום למשרד החינוך:,כולנו,גל״צ,half true,"חינוך, תרבות וספורט",מעונות יום,https://www.thewhistle.co.il/feed/Z8yXDkMy42,מע׳ בחירות,female,"""גם כשהמשרד [של מעונות היום] עבר מהתמ""ת לכלכלה ומהכלכלה לרווחה, בשום שלב לא היה תוספת תקציבית, הוא הועבר כאגף"""
255,30/01/2018,יצחק בוז׳י הרצוג,על סודן ואריתראה,עבודה,רדיו ירושלים,mostly true,דת ומדינה,הגירה,https://www.thewhistle.co.il/feed/rVxwgl6xmA,הכנסת ה-20,male,"""הם [מבקשי המקלט] הגיעו ממדינות שעל פי האמנה הבינלאומית אי אפשר להחזיר אותם לשם, גם אריתריאה וגם סודן זה מדינות שהן הנמוכות ביותר במדד זכויות האדם האובייקטיבי של כל ארגוני זכויות האדם ואמנות האו""ם לפליטים"""
256,22/08/2018,יצחק כהן,על הצורך לקיים עבודות לבניית גשר יהודית בתל אביב בשבת,"ש""ס",כאן ב׳,untrue,דת ומדינה,השבת,https://www.thewhistle.co.il/feed/QXx46naW78,הכנסת ה-20,male,"""כל הסיפור הזה הוא גימיק, הוא פרובוקציה. הוא התחיל כצורך פוליטי לקראת הבחירות המקומיות המוניציפליות. אף אחד לא באמת חושב שתוכנית כזאת גדולה יצאה פתאום בין לילה"""
257,26/06/2019,יצחק פינדרוס,על יחסו של שי פירון לחרדים:,יהדות התורה,גל״צ,misleading,"חינוך, תרבות וספורט",תקציב,https://www.thewhistle.co.il/feed/36xj8XVWRd,הכנסת ה-21,male,"""כשישב איש יש עתיד במשרד החינוך, אז תוך כדי המלחמה בעזה ילדים חרדים לא היו זכאים לקייטנות בשדרות"""
258,17/08/2017,יריב לוין,על נאומו של רה״מ נגד רשויות החוק,ליכוד,כאן ב׳,untrue,חוק ומשפט,חקירות נתניהו,https://www.thewhistle.co.il/feed/DKWRRb6Wbj,הכנסת ה-20,male,"""אם הקשבת לנאום של ראש הממשלה, הוא במפורש אמר – רבותי, תנו לרשויות לעשות את עבודתן, הוא אמר את הדברים האלה"""
259,08/09/2017,יריב לוין,"על פסיקת בג""ץ בעניין מבקשי המקלט",ליכוד,גלובס,untrue,דת ומדינה,הגירה,https://www.thewhistle.co.il/feed/O10Y9rp0wq,הכנסת ה-20,male,"""הקביעה [של ביהמ""ש העליון] שאומרת שאדם יכול לגנוב את הגבול ולהיכנס למדינה בצורה בלתי חוקית, אבל אז אסור להוציא אותו בכפייה, זה דבר מטורף"""
260,03/10/2017,יריב לוין,על היעדרות הרשות השופטת מטקס בגוש עציון,ליכוד,גל״צ,untrue,חוק ומשפט,"בג""ץ",https://www.thewhistle.co.il/feed/wzy5KJm0Q6,הכנסת ה-20,male,"""זה לא עניין לבחירה של השופטים איזה טקס נאה בעיניהם ואיזה לא. הם צריכים להתייצב על פי כללי הפרוטוקול כנציגים רשמיים של הרשות השופטת"""
261,27/11/2017,יריב לוין,על פתיחת עסקים בשבת,ליכוד,כאן ב׳,untrue,דת ומדינה,השבת,https://www.thewhistle.co.il/feed/Xr0mzK2Wpv,הכנסת ה-20,male,"""נוצר התקדים של תל אביב ובעקבותיו פסיקה של ביהמ""ש העליון, שבא ואמר שלמרות שהחוק קובע ששר הפנים צריך לאשר, הרי שמבחינת ביהמ""ש הסמכות היא טכנית ולא מהותית, והשר חייב לחתום בכל מקרה. מה שאנחנו עושים זה להחזיר את הסדר כמו שהיה מלכתחילה"""
262,08/12/2017,יריב לוין,על חוק ההמלצות,ליכוד,חברת החדשות,mostly untrue,חוק ומשפט,חקירות נתניהו,https://www.thewhistle.co.il/feed/a5xQzld0qA,הכנסת ה-20,male,"""ראש הממשלה הבהיר שהוא לא מעוניין בדבר הזה, [חוק ההמלצות] הוא עשה את זה כבר בישיבת שרי הליכוד לפני למעלה חודש [...] הוא לא עצר את החקיקה, מי שקיבל את ההחלטה הוא יו""ר ועדת הפנים ח""כ אמסלם"""
263,13/05/2018,יריב לוין,על תאגיד השידור הציבורי,ליכוד,גל״צ,untrue,תקשורת,תאגיד השידור,https://www.thewhistle.co.il/feed/47yD8PeyGP,הכנסת ה-20,male,"""לא היה ויכוח גדול על עצם קיום התאגיד. זה על הצורך שהוא יעסוק, בעלות של למעלה מ-700 מיליון שקל בנושאים שכנראה הציבור לא כל כך מעוניין שיעסוק בהם כי הוא לא צופה בהם"""
264,12/10/2018,יריב לוין,"על השפעת פסיקות בג""ץ על קצב יציאת מהגרים ומבקשי מקלט מהארץ",ליכוד,גל״צ,untrue,דת ומדינה,הגירה,https://www.thewhistle.co.il/feed/YXylJEL0w2,הכנסת ה-20,male,"""עד שבוטל החוק הראשון [...] קצב היציאה הגיע ללמעלה מ-1,500 מסתננים שיצאו מכאן בחודש, והקצב הלך וגדל כל הזמן. מהרגע שבוטל החוק על ידי בג""ץ, באופן מיידי היתה צניחה עד קרוב לאפס במספר היוצאים"""
265,24/10/2018,יריב לוין,על מפוני המאחז עמונה,ליכוד,כאן ב׳,untrue,חוץ ובטחון,סכסוך ישראלי-פלסטיני,https://www.thewhistle.co.il/feed/1l0L1YDWva,הכנסת ה-20,male,"""[בעמונה] לא היה חולק שהם פעלו באמת בתום לב ושלא חשבו שהם על קרקע פרטית, ולא ידעו"""
266,24/12/2017,ישראל אייכלר,על ביקור הוועדה בבית שמש,יהדות התורה,הודעה לעיתונות,half true,דת ומדינה,שוויון זכויות,https://www.thewhistle.co.il/feed/YMWp5XGyKk,הכנסת ה-20,male,"""למרות חסות הכנסת, גיוס אוטובוס, שוטרים ומשמר הכנסת, לא הגיעו אלא שני חברי הוועדה למעמד האישה [...] מתוך תשעה חברים בוועדה השתתפו רק יושבת הראש מהרשימה הערבית המשותפת ונציג מרצ בוועדה"""
267,23/12/2018,ישראל אייכלר,"על גיוס נשים לצה""ל",יהדות התורה,רדיו קול-חי,mostly true,דת ומדינה,חוק הגיוס,https://www.thewhistle.co.il/feed/3wW6KYpyD2,הכנסת ה-20,male,"""צפון קוריאה היא המדינה היחידה שיש בה גיוס חובה לבנות"""
268,28/04/2019,ישראל אייכלר,על ביצועי תכנית מחיר למשתכן:,יהדות התורה,"גל""צ",mostly true,כלכלה,יוקר המחיה,https://www.thewhistle.co.il/feed/nJy3YGG0PO,מע׳ בחירות,male,"""60 אלף אנשים סיפרו להם שיש להם דירות, ורק ל-20 אלף הוגשו בקשות להיתר בנייה. 40 אלף זוגות צעירים, יש להם אשליה של דירה ואין להם זכר של דירה"""
269,05/12/2017,ישראל כ״ץ,על מספר ההרוגים בתאונות דרכים,ליכוד,כאן ב׳,untrue,תחבורה,תאונות דרכים,https://www.thewhistle.co.il/feed/1l0L1kMWva,הכנסת ה-20,male,-1
270,12/09/2018,ישראל כ״ץ,בעקבות ההודעה על סגירת הנציגות הפלסטינית בוושינגטון,ליכוד,גלי ישראל,TRUE,חוץ ובטחון,סכסוך ישראלי-פלסטיני,https://www.thewhistle.co.il/feed/QrxOM5BW9B,הכנסת ה-20,male,"״פנייה לבית הדין הבינלאומי בהאג [היא] בניגוד לכל הסכם שהם חתומים עליו, בניגוד לחוק האמריקאי״"
271,04/10/2018,ישראל כ״ץ,על מעורבותו של רון חולדאי בהקמת גשר יהודית בתל אביב,ליכוד,גל״צ,untrue,תחבורה,רכבת,https://www.thewhistle.co.il/feed/Xr0mzEwWpv,הכנסת ה-20,male,"""אפילו את הגשר הזה הוא [רון חולדאי] לא דחף, שפתאום הוא דוחף אותו לפני הבחירות"""
272,05/12/2018,ישראל כ״ץ,על ההפסדים של רכבת ישראל ברבעון השלישי של 2018,ליכוד,כאן ב׳,mostly true,תחבורה,רכבת,https://www.thewhistle.co.il/feed/kDy83zaWwa,הכנסת ה-20,male,"מראיין: ""הרכבת הודיעה שהפסידה מאות מיליוני שקלים מההפעלה המוקדמת של הקו מירושלים""כ""ץ: ""הפעלת הקו לירושלים לא גרמה נזקים, יש הפסדים כבדים בתחום המטענים ודברים אחרים"""
273,13/03/2019,ישראל כ״ץ,על תקציב התחבורה הציבורית,ליכוד,קשת,mostly true,כלכלה,תקציב התחבורה,https://www.thewhistle.co.il/feed/e30EJQaWXQ,מע׳ בחירות,male,"""ההשקעה בתחבורה הציבורית מבחינת סכומי כסף גבוהה מזה שמשקיעים בכבישים"""
274,28/03/2019,ישראל כ״ץ,"ל דו""ח מבקר המדינה בנושא ההתקשרות בין החברה של בני גנץ למשטרה:",ליכוד,כאן ב',untrue,חוץ ובטחון,סכסוך ישראלי-ערבי,https://www.thewhistle.co.il/feed/Z909Ob9yqO,מע׳ בחירות,male,"""אני יודע שכתוב שיש שם חשד לעבירות פליליות"""
275,26/06/2019,ישראל כ״ץ,על תרומותו לירידה בקטל בדרכים:,ליכוד,פייסבוק,half true,תחבורה,הרוגים בתאונות דרכים,https://www.thewhistle.co.il/feed/OZWqm2RWjw,הכנסת ה-21,male,"""שיפרנו את מצב הבטיחות בדרכים עם ירידה של כ-30% במספר ההרוגים"""
276,07/09/2018,מאיר כהן,על גובה השכר בישראל,יש עתיד,רדיוס,untrue,כלכלה,שכר,https://www.thewhistle.co.il/feed/jKx28DMWZq,הכנסת ה-20,male,"""עדיין רוב האנשים במדינת ישראל משתכרים שכר מינימום ופחות"""
277,06/03/2019,מאיר כהן,על הבנייה בירושלים בזמן כהונת נתניהו לעומת כהונת אולמרט:,כחול לבן,רשת,untrue,חוץ ובטחון,סכסוך ישראלי-פלסטיני,https://www.thewhistle.co.il/feed/LK0ZaqRxPk,מע׳ בחירות,male,"""האיש הזה [נתניהו] שלא חיזק את גושי ההתיישבות, האיש הזה שאולמרט בנה יותר ממנו בירושלים"""
278,16/05/2019,מאיר כהן,על הרוב המבוקש בוועדת הכנסת,כחול לבן,"גל""צ",mostly untrue,"כנסת, ממשלה ומנהל ציבורי",ועדת הכנסת,https://www.thewhistle.co.il/feed/N1xgVXbyeO,הכנסת ה-21,male,"""כח הקנייה של האזרח הישראלי קטן משל חבריו באירופה [...] בכל פעם שתראו עליית מחירים במדד לצרכן, תשאלו את עצמכן: מתי בפעם האחרונה קיבלתם העלאה דומה במשכורת?"""
279,13/09/2017,מאיר פרוש,על דבריו נגד השופט המנוח חשין,יהדות התורה,כאן ב׳,untrue,"כנסת, ממשלה ומנהל ציבורי",השופט חשין,https://www.thewhistle.co.il/feed/M8W1Owexge,הכנסת ה-20,male,"מראיין: ""אני זוכר שקראת לו (לשופט חשין) חזיר"". פרוש: ""לא אמרתי לו בדיוק ככה. בוא, תדייק"""
280,13/09/2017,מאיר פרוש,על חוק הגיוס,יהדות התורה,כאן ב׳,mostly true,דת ומדינה,חוק הגיוס,https://www.thewhistle.co.il/feed/qX0nzpZ0N9,הכנסת ה-20,male,"""ילד חריג אוטיסט, כן? חרדי, לומד במוסד פטור, חוק חינוך מיוחד של המדינה לא חל עליו. ראית פעם את הבג""ץ מתעסק בזה? הוא דואג למסתננים, לילדי המסתננים. לילדי החרדים הוא לא דואג"""
281,13/09/2017,מוטי יוגב,על סמכות ביהמ״ש לבטל חקיקה,הבית היהודי,כאן ב׳,untrue,חוק ומשפט,"בג""ץ",https://www.thewhistle.co.il/feed/nJy3YQG0PO,הכנסת ה-20,male,"""אין מדינה דמוקרטית בעולם בה בית משפט עליון יכול לבטל חקיקה של הכנסת"""
282,25/09/2017,מוטי יוגב,על תקציב הביטחון,הבית היהודי,דה-מרקר,half true,כלכלה,תקציב המדינה,https://www.thewhistle.co.il/feed/YXylJq40w2,הכנסת ה-20,male,"״מ-2016, משרד האוצר, משרד הביטחון ומשרד ראש הממשלה... בהסכמות הגיעו לתקציב הגדול ב-20 מיליארד שקל מתקופת 'יש עתיד'״"
283,10/10/2017,מוטי יוגב,על צילומי לוויין של גוגל בישראל,הבית היהודי,כאן ב׳,mostly true,חוץ ובטחון,צילומי לווין של גוגל,https://www.thewhistle.co.il/feed/RVxBjQaxZk,הכנסת ה-20,male,"""הקונגרס האמריקאי אחרי פניות אליו, ואחרים, ביקשו מגוגל שבישראל יצלמו ברזולוציות נמוכות יותר, וכך גוגל אכן נוהגת ומתחשבת בצרכים הביטחוניים של ישראל"""
284,19/11/2017,מוטי יוגב,על הדמוגרפיה ביהודה ושומרון,הבית היהודי,פייסבוק,untrue,חוץ ובטחון,סכסוך ישראלי-פלסטיני,https://www.thewhistle.co.il/feed/O4Wk2bV0jb,הכנסת ה-20,male,"""במדינת ישראל וביהודה ושומרון יחד, כ-4.2 [מיליון] ערבים שהריבוי הטבעי שלהם קטן מ- 2.9 למשפחה"""
285,19/03/2018,מוטי יוגב,על גירוש מחבלים ללבנון ב-92׳,הבית היהודי,גל״צ,untrue,חוץ ובטחון,סכסוך ישראלי-פלסטיני,https://www.thewhistle.co.il/feed/47yD8XPyGP,הכנסת ה-20,male,"""בשנת 92' החליט בית המשפט העליון בנשיאותו של אהרן ברק להשיב מלבנון למעלה מ-400 מחבלים, רוצחים ואחרים, אותם גירשנו לשם, בהחלטה של ממשלת ישראל"""
286,26/03/2018,מוטי יוגב,על הריבוי הטבעי באוכלוסייה היהודית והערבתי,הבית היהודי,טוויטר,untrue,חוץ ובטחון,סכסוך ישראלי-פלסטיני,https://www.thewhistle.co.il/feed/Z909OXNyqO,הכנסת ה-20,male,"""אחוז האימהות שחיות היום בלי נישואין בכלל - האמהות החד הוריות - גדל ב-80% ב-6 השנים האחרונות"""
287,05/08/2018,מוסי רז,על קליטת סייענים בישראל,מרצ,ערוץ 20,untrue,דת ומדינה,שוויון זכויות,https://www.thewhistle.co.il/feed/7nya12ey9A,הכנסת ה-20,male,"״ממשלת ישראל הזו, של הימין, קיבלה תוך עשור כ-120 אלף משת״פים ובני משפחותיהם״"
288,07/01/2018,מייקל אורן,"על מכירת שיכר בסוף שבוע בארה""ב",כולנו,כאן ב׳,half true,דת ומדינה,השבת,https://www.thewhistle.co.il/feed/Z909O3eyqO,הכנסת ה-20,male,"""בניו יורק סיטי, בוושינגטון די-סי - בירת ארצות הברית, אסור למכור אלכוהול ביום ראשון"""
289,18/03/2018,מייקל אורן,על שיטת מינוי השופטים בישראל,כולנו,רדיו דרום - אשדוד,mostly untrue,חוק ומשפט,"בג""ץ",https://www.thewhistle.co.il/feed/jKx28prWZq,הכנסת ה-20,male,"""אנחנו נמצאים ברשימה מאוד קצרה עם עוד שתי מדינות: הודו ותאילנד, יש להן את אותה שיטה של בחירת שופטים [שבה] שופטים מכהנים בוחרים את השופטים שמחליפים אותם"""
290,24/05/2018,מייקל אורן,על ייבוא מטורקיה,כולנו,כאן ב׳,untrue,חוץ ובטחון,יחסים בינ״ל,https://www.thewhistle.co.il/feed/QXx46NXW78,הכנסת ה-20,male,"""רוב החומוס שאתה אוכל והטחינה זה גם מטורקיה"""
291,13/06/2018,מייקל אורן,על עמדת טראמפ ביחס לירושלים,כולנו,רדיו דרום אשדוד,mostly untrue,חוץ ובטחון,יחסים בינ״ל,https://www.thewhistle.co.il/feed/RVxBjNBxZk,הכנסת ה-20,male,"""טראמפ הכיר בירושלים המאוחדת כבירתנו [...] השגרירות ממוקמת למעשה במזרח העיר. השכונה הזאת, תלפיות, זה במזרח העיר"""
292,26/09/2018,מייקל אורן,"על נאום טראמפ בעצרת הכללית של האו""ם",כולנו,קשת,half true,חוץ ובטחון,ארצות הברית,https://www.thewhistle.co.il/feed/QOxe2gD0GE,הכנסת ה-20,male,"""הוא חוזר למה שהיה בארה""ב לפני 100 פלוס שנה, כשארה""ב התנגדה להקמתו של חבר הלאומים, בראשית המאה העשרים. [הם] לא הצטרפו, בגלל שהאמריקאים שונאים את הגלובליזם"""
293,03/12/2017,מיכאל מלכיאלי,על השכלה גבוהה לחרדים,"ש""ס",גל״צ,untrue,"חינוך, תרבות וספורט",חינוך,https://www.thewhistle.co.il/feed/e30EJeBWXQ,הכנסת ה-20,male,"""עד היום המל""ג נתן למכללות החרדיות את האפשרות לתת תואר שני [...] בסך הכל אנחנו מבקשים שהמכללות שעד היום לימדו בנפרד ימשיכו ללמד בנפרד. תלכו למכללות החרדיות ותראו שיש ירידה בעשרות אחוזים ברישום לתואר שני בשנה הבאה"" "
294,06/08/2018,מיכאל מלכיאלי,על חוקי עזר לפתיחת עסקים בשבת,"ש""ס",גל״צ,mostly untrue,דת ומדינה,השבת,https://www.thewhistle.co.il/feed/O10Y9Bj0wq,הכנסת ה-20,male,"""שר הפנים אין בסמכותו לאכוף את החוק, זה רק הרשות המקומית. ירצה ביבס [ראש עיריית מודיעין] יאכוף, לא ירצה לא יאכוף"""
295,29/10/2017,מיכל רוזין,על מצע הליכוד,מרצ,גל״צ,untrue,"כנסת, ממשלה ומנהל ציבורי",בחירות לכנסת,https://www.thewhistle.co.il/feed/qX0nzgZ0N9,הכנסת ה-20,female,"""כבר 30 שנה אין מצע לליכוד"""
296,01/01/2018,מיכל רוזין,על הבנייה ביהודה ושומרון,מרצ,ערוץ הכנסת,TRUE,חוץ ובטחון,סכסוך ישראלי-פלסטיני,https://www.thewhistle.co.il/feed/47yD8LjyGP,הכנסת ה-20,female,"""מ-1995 עד היום נבנו פחות מ-50 אלף יחידות דיור בגדה המערבית [...] זה לא שאני לא מוטרדת מהבנייה, ולא שאני לא מוטרדת מ-400 אלף ישראלים שגרים מעבר לקו הירוק"""
297,05/01/2018,מיכל רוזין,על עונש מוות ויאיר לפיד,מרצ,כאן 11,untrue,חוץ ובטחון,סכסוך ישראלי-פלסטיני,https://www.thewhistle.co.il/feed/QrxOMLEW9B,הכנסת ה-20,female,"""רק לפני חצי שנה העלה יאיר לפיד עם ח""כ ביטן הצעה אותו הדבר"""
