date,speaker,title,party,media,score,field,subject,link,knesset,gender
25/08/2017,אבי גבאי,"על מתווה הגז, בעקבות הערכת החשב הכללי",עבודה,פייסבוק,untrue,כלכלה,מתווה הגז,https://www.thewhistle.co.il/feed/1l0L1amWva,הכנסת ה-20,male
25/08/2017,אבי גבאי,על מתווה הגז,עבודה,פייסבוק,half true,כלכלה,מתווה הגז,https://www.thewhistle.co.il/feed/e30EJDQWXQ,הכנסת ה-20,male
07/09/2017,אבי גבאי,על מחיר הגז הטבעי בעולם,עבודה,גל״צ,half true,כלכלה,מתווה הגז,https://www.thewhistle.co.il/feed/a5xQz3e0qA,הכנסת ה-20,male
24/09/2017,אבי גבאי,על ועדת צמח,עבודה,גל״צ,untrue,כלכלה,מתווה הגז,https://www.thewhistle.co.il/feed/GPxPq420a6,הכנסת ה-20,male
11/03/2018,אבי גבאי,על עמדת אייפא״ק,עבודה,כאן ב׳,untrue,חוץ ובטחון,סכסוך ישראלי-פלסטיני,https://www.thewhistle.co.il/feed/O4Wk2r50jb,הכנסת ה-20,male
19/11/2018,אבי גבאי,על מצב המשק הישראלי וענף הדיור,עבודה,גל״צ,mostly untrue,כלכלה,תקציב המדינה,https://www.thewhistle.co.il/feed/qX0nzqB0N9,הכנסת ה-20,male
02/09/2018,אבי דיכטר,"על אונר""א",ליכוד,כאן ב׳,TRUE,חוץ ובטחון,סכסוך ישראלי-פלסטיני,https://www.thewhistle.co.il/feed/36xj8oNWRd,הכנסת ה-20,male
31/10/2018,אבי ניסנקורן,על שיעור ההרוגים והפצועים בתאונות בניין בישראל,,גל״צ,mostly true,"עבודה, רווחה ובריאות",תאונות בנייה,https://www.thewhistle.co.il/feed/Xr0mzqwWpv,הכנסת ה-20,male
12/03/2019,אבי ניסנקורן,על גישתו להשבתת המשק:,כחול לבן,כאן ב׳,TRUE,כלכלה,השבתת המשק,https://www.thewhistle.co.il/feed/kDy838YWwa,מע׳ בחירות,male
02/04/2019,אבי ניסנקורן,על התוצר של ישראל בזמן כהונת נתניהו:,כחול לבן,נאום,untrue,תחבורה,תשתיות,https://www.thewhistle.co.il/feed/jKx28NOWZq,מע׳ בחירות,male
30/08/2017,אבי רואה,על חוק ההסדרה,,גל״צ,mostly untrue,חוק ומשפט,"בג""ץ",https://www.thewhistle.co.il/feed/wzy5K8Z0Q6,הכנסת ה-20,male
25/04/2018,אבי שמחון,על מס׳ העובדים הזרים,,גל״צ,untrue,כלכלה,תעסוקה,https://www.thewhistle.co.il/feed/owxvg7b0V6,הכנסת ה-20,male
14/10/2018,אביגדור ליברמן,על היקף הבנייה ביהודה ושומרון,ישראל ביתנו,כאן ב׳,untrue,חוץ ובטחון,סכסוך ישראלי-פלסטיני,https://www.thewhistle.co.il/feed/QXx46Z2W78,הכנסת ה-20,male
27/01/2019,אביגדור ליברמן,על הגיור בישראל,ישראל ביתנו,103FM,mostly true,דת ומדינה,חוק הגיור,https://www.thewhistle.co.il/feed/e30EJ3aWXQ,מע׳ בחירות,male
15/06/2019,אביגדור ליברמן,על היחס לקורבנות אסון צ׳רנוביל,ישראל ביתנו,רשת,half true,"עבודה, רווחה ובריאות",חקיקה לטובת מטהרי צ׳רנוביל,https://www.thewhistle.co.il/feed/LK0ZaQJxPk,הכנסת ה-21,male
16/06/2019,אביגדור ליברמן,על המלצת ה-oecd בנוגע לפנסיה מינימלית:,ישראל ביתנו,כאן ב׳,mostly untrue,כלכלה,שכר מינימום,https://www.thewhistle.co.il/feed/N1xgVgbyeO,הכנסת ה-21,male
18/07/2019,אביגדור ליברמן,על ההשקעה בפיקוח דתי ופיקוח אזרחי:,ישראל ביתנו,גל״צ,half true,דת ומדינה,משגיחי כשרות,https://www.thewhistle.co.il/feed/3wW6DJgxD2,מע׳ בחירות,male
29/05/2019,אוסאמה סעדי,על מות ערבים בתאונות דרכים:,"חד""ש-תע""ל",נאום,mostly true,תחבורה,הרוגים בתאונות דרכים,https://www.thewhistle.co.il/feed/NR0d2bVyBV,הכנסת ה-21,male
26/09/2017,אופיר אקוניס,על האפשרות לגרש מחבלים,ליכוד,כאן 11,untrue,חוץ ובטחון,סכסוך ישראלי-פלסטיני,https://www.thewhistle.co.il/feed/e30EJ2RWXQ,הכנסת ה-20,male
15/05/2018,אופיר אקוניס,על הנכבה,ליכוד,רדיו ירושלים,untrue,חוץ ובטחון,סכסוך ישראלי-פלסטיני,https://www.thewhistle.co.il/feed/wzy5KVL0Q6,הכנסת ה-20,male
01/08/2018,אופיר אקוניס,על מינוי יעל עמיתי לוועדה מדעית,ליכוד,פייסבוק,untrue,חוץ ובטחון,סכסוך ישראלי-פלסטיני,https://www.thewhistle.co.il/feed/a5xQzM30qA,הכנסת ה-20,male
11/11/2018,אופיר אקוניס,על אהוד ברק ופרשת העמותות,ליכוד,רשת,untrue,חוק ומשפט,חקירות בכירים,https://www.thewhistle.co.il/feed/ORxK9dMWjK,הכנסת ה-20,male
06/03/2019,אופיר אקוניס,על פסילת מועמדותה לכנסת של חנין זועבי:,ליכוד,רשת,untrue,"כנסת, ממשלה ומנהל ציבורי",בחירות לכנסת,https://www.thewhistle.co.il/feed/owxvgMz0V6,מע׳ בחירות,male
31/08/2017,אורי אריאל,על רחבת התפילה המעורבת בכותל,הבית היהודי,כאן ב׳,untrue,דת ומדינה,זרמים ביהדות,https://www.thewhistle.co.il/feed/O10Y9Y20wq,הכנסת ה-20,male
26/09/2017,אורי אריאל,על אמון הציבור בביהמ״ש,הבית היהודי,103FM,mostly untrue,חוק ומשפט,"בג""ץ",https://www.thewhistle.co.il/feed/1l0L14wWva,הכנסת ה-20,male
06/05/2018,אורי אריאל,על מחירי המים,הבית היהודי,גל״צ,mostly untrue,כלכלה,יוקר המחיה,https://www.thewhistle.co.il/feed/OZWqmz4Wjw,הכנסת ה-20,male
04/09/2018,אורי אריאל,"על האחריות לאכיפת חוק צער בעלי חיים, בעקבות הביקורת על מנהג הכפרות",הבית היהודי,כאן ב׳,untrue,סביבה,חוק צער בעלי חיים,https://www.thewhistle.co.il/feed/O10Y9610wq,הכנסת ה-20,male
08/01/2018,אורי מקלב,על חוק המרכולים,"ש""ס",כאן ב׳,mostly untrue,דת ומדינה,השבת,https://www.thewhistle.co.il/feed/NR0d28gyBV,הכנסת ה-20,male
04/03/2019,אורית פרקש-הכהן,על מחירי החשמל,כחול לבן,כאן ב׳,half true,כלכלה,יוקר המחיה,https://www.thewhistle.co.il/feed/DKWRRNDWbj,מע׳ בחירות,female
29/01/2018,אורן חזן,על יולי אדלשטיין,ליכוד,גלי ישראל,untrue,"כנסת, ממשלה ומנהל ציבורי","יו""ר הכנסת",https://www.thewhistle.co.il/feed/Z909OQeyqO,הכנסת ה-20,male
04/02/2018,אורן חזן,על הגדלת מספר סגני יו״ר הכנסת,ליכוד,103FM,untrue,"כנסת, ממשלה ומנהל ציבורי","יו""ר הכנסת",https://www.thewhistle.co.il/feed/3wW6KXRyD2,הכנסת ה-20,male
05/03/2018,אורן חזן,על הרחקתו מהכנסת,ליכוד,פייסבוק,untrue,"כנסת, ממשלה ומנהל ציבורי",ועדת האתיקה בכנסת,https://www.thewhistle.co.il/feed/e30EJXDWXQ,הכנסת ה-20,male
30/04/2018,אורן חזן,על רכבו של יו״ר הכנסת,ליכוד,פייסבוק,untrue,"כנסת, ממשלה ומנהל ציבורי","יו""ר הכנסת",https://www.thewhistle.co.il/feed/qX0nzel0N9,הכנסת ה-20,male
20/07/2018,אורן חזן,על עיכובו לחקירה של רב קונסרבטיבי,ליכוד,ערוץ 10,mostly untrue,דת ומדינה,זרמים ביהדות,https://www.thewhistle.co.il/feed/8Oxr5QmyDq,הכנסת ה-20,male
03/08/2018,אורן חזן,על התפלגות ההצבעה בתל-אביב-יפו,ליכוד,רדיוס,untrue,"כנסת, ממשלה ומנהל ציבורי",בחירות מקומיות,https://www.thewhistle.co.il/feed/3wW6KNnyD2,הכנסת ה-20,male
14/08/2018,אורן חזן,על ההכנסות הצפויות לתאגיד השידור מאירוח האירוויזיון,ליכוד,"כאן רק""ע",half true,תקשורת,תאגיד השידור,https://www.thewhistle.co.il/feed/qX0nz7q0N9,הכנסת ה-20,male
19/08/2018,אורן חזן,ע לרצועת עזה,ליכוד,רדיו דרום,untrue,חוץ ובטחון,סכסוך ישראלי-פלסטיני,https://www.thewhistle.co.il/feed/2GWMpov0nv,הכנסת ה-20,male
19/06/2019,אחמד טיבי,על תכנית המאה של טראמפ:,חד״ש-תע״ל,כאן ב׳,mostly true,חוץ ובטחון,סכסוך ישראלי-פלסטיני,https://www.thewhistle.co.il/feed/AqW787myaJ,הכנסת ה-21,male
02/11/2017,איוב קרא,על הרייטינג של כאן,ליכוד,כאן ב׳,half true,תקשורת,תאגיד השידור,https://www.thewhistle.co.il/feed/VnWb2gNWve,הכנסת ה-20,male
23/05/2018,איוב קרא,על אירוח האירוויזיון בשנת 2019,ליכוד,רשת,untrue,תקשורת,תאגיד השידור,https://www.thewhistle.co.il/feed/2GWMpda0nv,הכנסת ה-20,male
26/05/2018,איוב קרא,על השתתפות מדינות ערביות באירוויזיון,ליכוד,רשת,half true,תקשורת,תאגיד השידור,https://www.thewhistle.co.il/feed/2GWMpda0nv,הכנסת ה-20,male
13/08/2018,איוב קרא,על חקיקתו את חוק הדגל והלאום,ליכוד,ערוץ 20,untrue,דת ומדינה,שוויון זכויות,https://www.thewhistle.co.il/feed/DKWRRveWbj,הכנסת ה-20,male
13/08/2018,איוב קרא,על תקציב תאגיד השידור,ליכוד,ערוץ 20,untrue,תקשורת,תאגיד השידור,https://www.thewhistle.co.il/feed/YMWp5MMyKk,הכנסת ה-20,male
02/08/2017,איילת שקד,על הגשת כתב אישום נגד רה״מ,הבית היהודי,אולפן ynet,TRUE,חוק ומשפט,חקירות נתניהו,https://www.thewhistle.co.il/feed/e30EJ9QWXQ,הכנסת ה-20,female
06/09/2017,איילת שקד,על חוקי היסוד שאינם מתייחסים למדינת ישראל כמדינת הלאום של העם היהודי,הבית היהודי,נאום,untrue,דת ומדינה,שוויון זכויות,https://www.thewhistle.co.il/feed/RVxBjoExZk,הכנסת ה-20,female
15/10/2017,איילת שקד,"על מינוי מנכ""לים למשרדים ממשלתיים",הימין החדש,טוויטר,mostly true,"כנסת, ממשלה ומנהל ציבורי",מינוי משרות אמון,https://www.thewhistle.co.il/feed/O4Wk2Mm0jb,הכנסת ה-20,female
07/12/2017,איילת שקד,על הכרזתו של טראמפ על ירושלים,הבית היהודי,גל״צ,mostly true,חוץ ובטחון,יחסים בינ״ל,https://www.thewhistle.co.il/feed/wzy5KDA0Q6,הכנסת ה-20,female
01/01/2018,איילת שקד,על תביעות ביטוח לאומי,הבית היהודי,כאן 11,untrue,"עבודה, רווחה ובריאות",ביטוח לאומי,https://www.thewhistle.co.il/feed/3wW6K1RyD2,הכנסת ה-20,female
24/01/2018,איילת שקד,על אריתראים וסודנים שהגיעו לישראל דרך מצרים,הבית היהודי,פייסבוק,untrue,דת ומדינה,הגירה,https://www.thewhistle.co.il/feed/8Oxr5bKyDq,הכנסת ה-20,female
24/01/2018,איילת שקד,על מדיניות הממשלה בעניין מבקשי מקלט,הבית היהודי,רדיו קול-חי,untrue,דת ומדינה,הגירה,https://www.thewhistle.co.il/feed/kDy83avWwa,הכנסת ה-20,female
25/02/2018,איילת שקד,על נשים במערכת המשפט,הבית היהודי,103FM,TRUE,דת ומדינה,שוויון זכויות,https://www.thewhistle.co.il/feed/7nya1Zvy9A,הכנסת ה-20,female
11/03/2018,איילת שקד,על האוכלוסייה בשטחי C,הבית היהודי,כנס,mostly untrue,חוץ ובטחון,סכסוך ישראלי-פלסטיני,https://www.thewhistle.co.il/feed/rVxwgr6xmA,הכנסת ה-20,female
06/05/2018,איילת שקד,על שחרור אסירים,הבית היהודי,כאן ב׳,TRUE,חוק ומשפט,שחרור אסירים,https://www.thewhistle.co.il/feed/e30EJP7WXQ,הכנסת ה-20,female
19/07/2018,איילת שקד,על בחינות הלשכה,הבית היהודי,גל״צ,mostly untrue,חוק ומשפט,לשכת עורכי הדין,https://www.thewhistle.co.il/feed/YXylJde0w2,הכנסת ה-20,female
30/10/2018,איילת שקד,על מעמדם בישראל של מתגיירים רפורמים וקונסרבטיבים,הבית היהודי,גל״צ,misleading,דת ומדינה,זרמים ביהדות,https://www.thewhistle.co.il/feed/M8W1O5Oxge,הכנסת ה-20,female
20/01/2019,איילת שקד,על פרישתו של אפי נוה מהוועדה לבחירת שופטים,הימין החדש,קשת,misleading,חוק ומשפט,הוועדה לבחירת שופטים,https://www.thewhistle.co.il/feed/qX0nzne0N9,מע׳ בחירות,female
18/07/2019,איילת שקד,על חוק שכר הבכירים:,הימין החדש,כאן ב׳,mostly true,כלכלה,שכר,https://www.thewhistle.co.il/feed/O10Yq9V0wq,מע׳ בחירות,female
31/12/2017,איציק שמולי,על מע״מ תרופות,עבודה,103FM,TRUE,"עבודה, רווחה ובריאות",מערכת הבריאות,https://www.thewhistle.co.il/feed/e30EJLgWXQ,הכנסת ה-20,male
19/06/2018,איציק שמולי,"על ביטול מע""מ על תרופות מצילות חיים",עבודה,גל״צ,mostly true,"עבודה, רווחה ובריאות",מערכת הבריאות,https://www.thewhistle.co.il/feed/47yD8o4yGP,הכנסת ה-20,male
29/07/2019,איציק שמולי,על מעבר ח״כים למפלגות אחרות טרם בחירות:,עבודה,103FM,mostly untrue,"כנסת, ממשלה ומנהל ציבורי",מימון בחירות,https://www.thewhistle.co.il/feed/a5xQqzdxqA,מע׳ בחירות,male
16/08/2017,איתי בן חורין,על הקמפיין של יחימוביץ׳,,גל״צ,mostly untrue,"כנסת, ממשלה ומנהל ציבורי",בחירות להסתדרות,https://www.thewhistle.co.il/feed/YMWp518yKk,הכנסת ה-20,male
23/04/2018,איתן כבל,על מינוי שופטים,עבודה,רדיו קול ברמה,untrue,חוק ומשפט,"בג""ץ",https://www.thewhistle.co.il/feed/KRxoo3gxOn,הכנסת ה-20,male
22/05/2018,אכרם חסון,על מחירי הדירות,כולנו,רדיו צפון,mostly untrue,כלכלה,יוקר המחיה,https://www.thewhistle.co.il/feed/dJxVq2Qy2D,הכנסת ה-20,male
12/09/2018,אלי אלאלוף,על העלייה במספר ההרוגים בתאונות בניין,כולנו,כאן ב׳,mostly untrue,"עבודה, רווחה ובריאות",תאונות בנייה,https://www.thewhistle.co.il/feed/Z909OaqyqO,הכנסת ה-20,male
18/12/2018,אלי אלאלוף,על שכר המינימום בישראל,כולנו,כאן ב׳,untrue,כלכלה,שכר,https://www.thewhistle.co.il/feed/O10Y9en0wq,הכנסת ה-20,male
29/10/2017,אלי בן דהן,על שינוי חוק יסוד,הבית היהודי,כאן ב׳,TRUE,חוק ומשפט,חקירות נתניהו,https://www.thewhistle.co.il/feed/Jm0AKogyaM,הכנסת ה-20,male
26/08/2018,אלי בן דהן,"על הגדרת האו""ם לפליטים",הבית היהודי,כאן מורשת,untrue,חוץ ובטחון,סכסוך ישראלי-פלסטיני,https://www.thewhistle.co.il/feed/8Oxr5NMyDq,הכנסת ה-20,male
29/08/2017,אלי ישי,על גירוש פליטים בזמן כהונתו,יחד,כאן ב׳,untrue,דת ומדינה,הגירה,https://www.thewhistle.co.il/feed/47yD8gDyGP,הכנסת ה-20,male
17/02/2019,אלי ישי,על עמדת הציבור בנוגע לפונדקאות לזוגות חד-מיניים:,יחד,גל״צ,untrue,דת ומדינה,שוויון זכויות,https://www.thewhistle.co.il/feed/rVxwgvnxmA,מע׳ בחירות,male
16/05/2018,אלי כהן,על מס חברות מופחת,כולנו,רדיו ירושלים,mostly untrue,כלכלה,מסים,https://www.thewhistle.co.il/feed/QrxOMkpW9B,הכנסת ה-20,male
11/07/2018,אלי כהן,על חוק הלאום,כולנו,רדיו דרום,untrue,דת ומדינה,שוויון זכויות,https://www.thewhistle.co.il/feed/ORxK94vWjK,הכנסת ה-20,male
09/08/2018,אלי כהן,על דירוג האשראי של ישראל,כולנו,ערוץ 20,untrue,כלכלה,יוקר המחיה,https://www.thewhistle.co.il/feed/jKx28MeWZq,הכנסת ה-20,male
20/08/2018,אלי כהן,על ירידת מדד מחירי המזון,כולנו,103FM,mostly untrue,כלכלה,יוקר המחיה,https://www.thewhistle.co.il/feed/YXylJ7Z0w2,הכנסת ה-20,male
09/12/2018,אלי כהן,על השינויים בשוק הפארם בתקופת כהונתו,כולנו,רשת,mostly untrue,כלכלה,יוקר המחיה,https://www.thewhistle.co.il/feed/NR0d2veyBV,הכנסת ה-20,male
19/12/2018,אלי כהן,על פעילות הממשלה להגברת התחרות במשק,כולנו,נאום,mostly untrue,כלכלה,יוקר המחיה,https://www.thewhistle.co.il/feed/O4Wk2Rw0jb,הכנסת ה-20,male
03/06/2019,אלי כהן,על הגבלת ארגונים המחרימים את ישראל:,כולנו,פייסבוק,half true,חוץ ובטחון,יחסים בינ״ל,https://www.thewhistle.co.il/feed/ORxK9JJWjK,הכנסת ה-21,male
24/06/2019,אלי כהן,על המדיניות הכלכלית של יאיר לפיד:,כולנו,103FM,mostly untrue,כלכלה,העלאת מסים,https://www.thewhistle.co.il/feed/DKWRRrmWbj,הכנסת ה-21,male
24/06/2019,אלי כהן,על עמדת הנגיד בשאלת הטיפול בגירעון:,כולנו,103FM,half true,כלכלה,גירעון,https://www.thewhistle.co.il/feed/8Oxr5mgyDq,הכנסת ה-21,male
25/03/2018,אלי סדן,על התבטאויותיו בנוגע לנשים,,חברת החדשות,untrue,דת ומדינה,שוויון זכויות,https://www.thewhistle.co.il/feed/Z909OXNyqO,הכנסת ה-20,male
11/10/2018,אליאב בן שמעון,על העלייה במספר ההרוגים בתאונות בנייה,,ערוץ 10,untrue,"עבודה, רווחה ובריאות",תאונות בנייה,https://www.thewhistle.co.il/feed/nJy3Yzk0PO,הכנסת ה-20,male
18/01/2018,אלעזר שטרן,על משך כהונת רב עיר,יש עתיד,כאן ב׳,half true,דת ומדינה,הרבנות הראשית,https://www.thewhistle.co.il/feed/Jm0AKLZyaM,הכנסת ה-20,male
28/02/2018,אלעזר שטרן,על מספר המתגייסים החרדים בעקבות חוק השוויון בנטל,יש עתיד,גל״צ,untrue,דת ומדינה,חוק הגיוס,https://www.thewhistle.co.il/feed/kDy83XvWwa,הכנסת ה-20,male
21/10/2017,אמיר אוחנה,על ההצעה לאסור חקירת ראש ממשלה מכהן,ליכוד,טוויטר,untrue,חוק ומשפט,חקירות נתניהו,https://www.thewhistle.co.il/feed/M8W1OQexge,הכנסת ה-20,male
11/02/2018,אמיר אוחנה,על היחסים הדיפלומטיים של ישראל,ליכוד,רדיו קול ברמה,untrue,חוץ ובטחון,יחסים בינ״ל,https://www.thewhistle.co.il/feed/ORxK98RWjK,הכנסת ה-20,male
06/03/2018,אמיר אוחנה,על גיוס עדי מדינה בחקירות רה״מ,ליכוד,קשת,untrue,חוק ומשפט,חקירות נתניהו,https://www.thewhistle.co.il/feed/36xj8qwWRd,הכנסת ה-20,male
21/05/2018,אמיר אוחנה,2# על ח״כים ערבים בבחירות,ליכוד,רדיו דרום,untrue,"כנסת, ממשלה ומנהל ציבורי",פסקת ההתגברות,https://www.thewhistle.co.il/feed/M8W1ONzxge,הכנסת ה-20,male
21/05/2018,אמיר אוחנה,על ח״כים ערבים בבחירות,ליכוד,רדיו דרום,mostly untrue,"כנסת, ממשלה ומנהל ציבורי",פסקת ההתגברות,https://www.thewhistle.co.il/feed/a5xQzwE0qA,הכנסת ה-20,male
02/07/2018,אמיר אוחנה,על גיוס חרדים בשנים האחרונות,ליכוד,רדיו ירושלים,TRUE,דת ומדינה,חוק הגיוס,https://www.thewhistle.co.il/feed/rVxwgm2xmA,הכנסת ה-20,male
08/07/2018,אמיר אוחנה,על שימוש בנשק פרטי ברצח במשפחה,ליכוד,רשת,misleading,חוק ומשפט,רישויון לנשק,https://www.thewhistle.co.il/feed/nJy3Y670PO,הכנסת ה-20,male
18/07/2018,אמיר אוחנה,על חוק הפונדקאות,ליכוד,גל״צ,untrue,דת ומדינה,שוויון זכויות,https://www.thewhistle.co.il/feed/DKWRRweWbj,הכנסת ה-20,male
22/08/2018,אמיר אוחנה,על השימוש בנשק חם ברישיון במקרי רצח במשפחה,ליכוד,גל״צ,mostly untrue,חוק ומשפט,רישויון לנשק,https://www.thewhistle.co.il/feed/owxvg9E0V6,הכנסת ה-20,male
01/11/2018,אמיר אוחנה,על שמירת ראיות על ידי המשטרה,ליכוד,ערוץ 20,TRUE,חוק ומשפט,משטרת ישראל,https://www.thewhistle.co.il/feed/dJxVqmKy2D,הכנסת ה-20,male
18/01/2019,אמיר אוחנה,"על הכרעת היועמ""ש אחרי שימוע לשר חיים כץ",ליכוד,קשת,untrue,חוק ומשפט,שימוע לחיים כץ,https://www.thewhistle.co.il/feed/jKx286ZWZq,מע׳ בחירות,male
08/03/2019,אמיר אוחנה,על מחירי החשמל,ליכוד,קשת,mostly true,כלכלה,יוקר המחיה,https://www.thewhistle.co.il/feed/2GWMp5w0nv,מע׳ בחירות,male
08/03/2019,אמיר אוחנה,על מספר המדינות שעימן לישראל יש יחסים דיפלומטיים:,ליכוד,קשת,untrue,חוץ ובטחון,יחסי חוץ,https://www.thewhistle.co.il/feed/AqW78BKyaJ,מע׳ בחירות,male
17/03/2019,אמיר אוחנה,על אזרחים הרוגים בעקבות פעילות טרור מעזה:,ליכוד,103FM,misleading,חוץ ובטחון,סכסוך ישראלי-פלסטיני,https://www.thewhistle.co.il/feed/47yD85DyGP,מע׳ בחירות,male
12/07/2019,אמיר אוחנה,על השקעת הממשלה בחינוך:,ליכוד,רשת,mostly true,כלכלה,תקציב החינוך,https://www.thewhistle.co.il/feed/47yD37GWGP,מע׳ בחירות,male
07/10/2018,אסף הראל,על מיזם שיתוף המכוניות 'אוטותל',,פייסבוק,untrue,תחבורה,תחבורה,https://www.thewhistle.co.il/feed/2GWMpOM0nv,הכנסת ה-20,male
15/10/2018,אסף הראל,על מצב החינוך בתל-אביב-יפו,,פייסבוק,untrue,"חינוך, תרבות וספורט",חינוך בתל אביב יפו,https://www.thewhistle.co.il/feed/aVyNX2g0K8,הכנסת ה-20,male
21/05/2019,אסף זמיר,על מרכזיותה של תל אביב,כחול לבן,ערוץ הכנסת,mostly untrue,כלכלה,תל אביב,https://www.thewhistle.co.il/feed/VnWb2rNWve,הכנסת ה-21,male
23/08/2017,אריה דרעי,על ההפגנות מחוץ לבית היועמ״ש,"ש""ס",גל״צ,untrue,חוק ומשפט,חקירות נתניהו,https://www.thewhistle.co.il/feed/OZWqmPkWjw,הכנסת ה-20,male
30/08/2017,אריה דרעי,על פסיקת בג״צ בעניין מבקשי מקלט,"ש""ס",103FM,mostly untrue,דת ומדינה,הגירה,https://www.thewhistle.co.il/feed/a5xQz9D0qA,הכנסת ה-20,male
27/11/2017,אריה דרעי,על ההסכם הקואליציוני,"ש""ס",ישיבת סיעה בכנסת,untrue,דת ומדינה,השבת,https://www.thewhistle.co.il/feed/owxvgQQ0V6,הכנסת ה-20,male
01/02/2018,אריה דרעי,על עובדים זרים לא חוקיים בישראל,"ש""ס",גל״צ,untrue,דת ומדינה,הגירה,https://www.thewhistle.co.il/feed/O10Y98J0wq,הכנסת ה-20,male
01/02/2018,אריה דרעי,על מבקשי המקלט ומהגרי העבודה מאריתריאה וסודן,"ש""ס",גל״צ,mostly untrue,דת ומדינה,הגירה,https://www.thewhistle.co.il/feed/QOxe2lk0GE,הכנסת ה-20,male
03/06/2018,אריה דרעי,על חוק הגיור,"ש""ס",הודעה לעיתונות,mostly untrue,דת ומדינה,חוק הגיור,https://www.thewhistle.co.il/feed/YXylJk10w2,הכנסת ה-20,male
02/04/2019,אריה דרעי,על עזיבתם של מבקשי מקלט ומהגרים מאפריקה את ישראל:,"ש""ס","גל""צ",half true,כלכלה,תוצר,https://www.thewhistle.co.il/feed/Z909ObXyqO,מע׳ בחירות,male
21/12/2017,בני בגין,על חוק ההמלצות,ליכוד,כאן ב׳,half true,חוק ומשפט,חקירות נתניהו,https://www.thewhistle.co.il/feed/LK0ZaZ8xPk,הכנסת ה-20,male
01/12/2018,בני בגין,על תקציב התרבות בזמן כהונתה של מירי רגב,ליכוד,רשת,TRUE,כלכלה,תקציב המדינה,https://www.thewhistle.co.il/feed/VnWb2RAWve,הכנסת ה-20,male
22/08/2017,בנימין נתניהו,על התמלוגים שתקבל המדינה ממתווה הגז,ליכוד,טוויטר,half true,כלכלה,מתווה הגז,https://www.thewhistle.co.il/feed/QXx46eNW78,הכנסת ה-20,male
19/09/2017,בנימין נתניהו,על החלטת אונסק״ו בנוגע לחברון,ליכוד,נאום,half true,חוץ ובטחון,יחסים בינ״ל,https://www.thewhistle.co.il/feed/aVyNX4G0K8,הכנסת ה-20,male
19/09/2017,בנימין נתניהו,על החלטת ארגון הבריאות העולמי,ליכוד,נאום,mostly untrue,חוץ ובטחון,יחסים בינ״ל,https://www.thewhistle.co.il/feed/8d0G75r0Jn,הכנסת ה-20,male
30/04/2018,בנימין נתניהו,על הסכם הגרעין האיראני,ליכוד,נאום,untrue,חוץ ובטחון,הסכם הגרעין האיראני,https://www.thewhistle.co.il/feed/QXx461XW78,הכנסת ה-20,male
23/07/2018,בנימין נתניהו,על היחס לנוצרים במזרח התיכון,ליכוד,טוויטר,untrue,דת ומדינה,שוויון זכויות,https://www.thewhistle.co.il/feed/N1xgVvXyeO,הכנסת ה-20,male
05/11/2018,בנימין נתניהו,על תוצאות רשימות 'מחל' בבחירות למועצות המקומיות,ליכוד,נאום,mostly untrue,"כנסת, ממשלה ומנהל ציבורי",הבחירות המקומיות,https://www.thewhistle.co.il/feed/Gkxzvq5xo5,הכנסת ה-20,male
03/01/2019,בנימין נתניהו,על עריכת שימוע לנבחרי ציבור בתקופת בחירות:,ליכוד,פייסבוק,untrue,חוק ומשפט,חקירות נתניהו,https://www.thewhistle.co.il/feed/QrxOMgVW9B,מע׳ בחירות,male
23/03/2019,בנימין נתניהו,על מימון הוצאותיו המשפטיות:,ליכוד,קשת,untrue,חוק ומשפט,חקירות נתניהו,https://www.thewhistle.co.il/feed/36xj8kOWRd,מע׳ בחירות,male
23/03/2019,בנימין נתניהו,על המניות שהחזיק בעת שכיהן כחבר כנסת:,ליכוד,קשת,untrue,"עבודה, רווחה ובריאות",ביטוח לאומי,https://www.thewhistle.co.il/feed/Z8yXDvay42,מע׳ בחירות,male
04/04/2019,בנימין נתניהו,על חלקו בהקמת כביש 6:,ליכוד,כאן ב',mostly untrue,כלכלה,תקציב הבריאות,https://www.thewhistle.co.il/feed/47yD85zyGP,מע׳ בחירות,male
09/05/2019,בנימין נתניהו,על המנהג למחוא כפיים בנחיתה:,ליכוד,נאום,untrue,תחבורה,תעופה,https://www.thewhistle.co.il/feed/aVyNXVG0K8,הכנסת ה-21,male
17/06/2019,בנימין נתניהו,על הגירעון התקציבי הגבוה:,ליכוד,נאום,TRUE,כלכלה,גירעון,https://www.thewhistle.co.il/feed/Gkxzv34xo5,הכנסת ה-21,male
17/08/2017,בצלאל סמוטריץ׳,על חוק ההסדרה,הבית היהודי,פייסבוק,mostly untrue,חוק ומשפט,"בג""ץ",https://www.thewhistle.co.il/feed/owxvg460V6,הכנסת ה-20,male
06/09/2017,בצלאל סמוטריץ׳,על ימי שבתון באירופה,הבית היהודי,גל״צ,untrue,דת ומדינה,השבת,https://www.thewhistle.co.il/feed/jKx28aKWZq,הכנסת ה-20,male
06/09/2017,בצלאל סמוטריץ׳,על עידוד הגירה פלסטינית,הבית היהודי,גלי ישראל,half true,חוץ ובטחון,סכסוך ישראלי-פלסטיני,https://www.thewhistle.co.il/feed/O4Wk2qD0jb,הכנסת ה-20,male
07/11/2017,בצלאל סמוטריץ׳,"על ההסכם בין קק""ל למדינה",הבית היהודי,כאן ב׳,mostly true,כלכלה,"קק""ל",https://www.thewhistle.co.il/feed/NR0d2gVyBV,הכנסת ה-20,male
22/11/2017,בצלאל סמוטריץ׳,על דו״ח המבקר בעניין רגבים ואופק 2,הבית היהודי,גלי ישראל,mostly untrue,"כנסת, ממשלה ומנהל ציבורי",מבקר המדינה,https://www.thewhistle.co.il/feed/rVxwgn1xmA,הכנסת ה-20,male
22/11/2017,בצלאל סמוטריץ׳,על דו״ח המבקר בעניין רגבים ואופק,הבית היהודי,גלי ישראל,mostly untrue,"כנסת, ממשלה ומנהל ציבורי",מבקר המדינה,https://www.thewhistle.co.il/feed/7nya1Loy9A,הכנסת ה-20,male
25/12/2017,בצלאל סמוטריץ׳,על הליך מינוי מאבטח לשכת המבקר,הבית היהודי,רדיו ירושלים,untrue,"כנסת, ממשלה ומנהל ציבורי",מבקר המדינה,https://www.thewhistle.co.il/feed/47yD8LMyGP,הכנסת ה-20,male
09/04/2018,בצלאל סמוטריץ׳,על פסקת ההתגברות,הבית היהודי,ערוץ 20,TRUE,חוק ומשפט,"בג""ץ",https://www.thewhistle.co.il/feed/jKx28pLWZq,הכנסת ה-20,male
29/05/2018,בצלאל סמוטריץ׳,"על עמדת הציבור האמריקאי לנישואי להט""ב",הבית היהודי,ערוץ הכנסת,untrue,דת ומדינה,שוויון זכויות,https://www.thewhistle.co.il/feed/DKWRRa7Wbj,הכנסת ה-20,male
01/07/2018,בצלאל סמוטריץ׳,על מתווה הכותל ורפורמים,הבית היהודי,רדיו קול-חי,untrue,דת ומדינה,רפורמים וקונסרביטיבים,https://www.thewhistle.co.il/feed/7nya1Aey9A,הכנסת ה-20,male
14/08/2018,בצלאל סמוטריץ׳,על השליטה הישראלית בעזה,הבית היהודי,גל״צ,untrue,חוץ ובטחון,סכסוך ישראלי-פלסטיני,https://www.thewhistle.co.il/feed/6a0JD5lyLN,הכנסת ה-20,male
21/11/2018,בצלאל סמוטריץ׳,"על העברת נכסים לידי עמותת אלע""ד ותושבים יהודים בעיר דוד",הבית היהודי,פייסבוק,untrue,חוץ ובטחון,סכסוך ישראלי-פלסטיני,https://www.thewhistle.co.il/feed/RVxBj4gxZk,הכנסת ה-20,male
05/12/2018,בצלאל סמוטריץ׳,על היצע המלונות בישראל,הבית היהודי,ערוץ הכנסת,untrue,כלכלה,יוקר המחיה,https://www.thewhistle.co.il/feed/47yD8GByGP,הכנסת ה-20,male
28/02/2019,בצלאל סמוטריץ׳,על העבירות המיוחסות לבנימין נתניהו,הבית היהודי,גל״צ,untrue,חוק ומשפט,חקירות נתניהו,https://www.thewhistle.co.il/feed/6a0JDo8yLN,מע׳ בחירות,male
18/03/2019,בצלאל סמוטריץ׳,על גודל האוכלוסייה הפלסטינית ביהודה ושומרון:,הבית היהודי,אולפן ynet,mostly untrue,סביבה,גז טבעי,https://www.thewhistle.co.il/feed/VnWb2bQWve,מע׳ בחירות,male
14/04/2019,בצלאל סמוטריץ׳,על האיסור לקיים אירועים שמדירים נשים:,הבית היהודי,טוויטר,mostly untrue,דת ומדינה,שוויון זכויות,https://www.thewhistle.co.il/feed/Xr0mzavWpv,מע׳ בחירות,male
21/04/2019,בצלאל סמוטריץ׳,על אמון הציבור במערכת המשפט:,הבית היהודי,קשת,mostly untrue,חוק ומשפט,אמון הציבור במערכת המשפט,https://www.thewhistle.co.il/feed/QOxe2XY0GE,מע׳ בחירות,male
03/06/2019,בצלאל סמוטריץ׳,על השימוש בעונש מוות במדינות המערב:,הבית היהודי,כאן ב׳,mostly untrue,דת ומדינה,משפט התורה,https://www.thewhistle.co.il/feed/3wW6KPGyD2,הכנסת ה-21,male
02/08/2017,ג׳ולס טרמפ,על מיכל האמוניה בחיפה,,גל״צ,mostly true,סביבה,מיכל האמוניה,https://www.thewhistle.co.il/feed/3wW6KnpyD2,הכנסת ה-20,male
08/04/2018,גדעון סער,על החזרת אריתראים לארצם,ליכוד,רדיו קול-חי,mostly untrue,דת ומדינה,הגירה,https://www.thewhistle.co.il/feed/QrxOMdQW9B,הכנסת ה-20,male
17/04/2018,גדעון סער,על פסקת ההתגברות,ליכוד,רדיו חיפה,mostly untrue,חוק ומשפט,"בג""ץ",https://www.thewhistle.co.il/feed/QOxe2eJ0GE,הכנסת ה-20,male
15/02/2018,גילה גמליאל,על פרשת עטי היוקרה של אהוד אולמרט,ליכוד,ערוץ 10,untrue,חוק ומשפט,חקירות נתניהו,https://www.thewhistle.co.il/feed/YMWp5lmyKk,הכנסת ה-20,female
20/07/2018,גילה גמליאל,על לימודי עברית בחברה הערבית,ליכוד,רדיו ת״א,mostly untrue,דת ומדינה,שוויון זכויות,https://www.thewhistle.co.il/feed/Z8yXDdYy42,הכנסת ה-20,female
02/12/2018,גילה גמליאל,"על שקיפות המידע לגבי נסיעותיה לחו""ל",ליכוד,גל״צ,untrue,"כנסת, ממשלה ומנהל ציבורי",שקיפות במשרד לשוויון חברתי,https://www.thewhistle.co.il/feed/N1xgVNLyeO,הכנסת ה-20,female
24/01/2019,גילה גמליאל,על הדלפת חומרי חקירה,ליכוד,ערוץ 20,untrue,חוק ומשפט,חקירות נתניהו,https://www.thewhistle.co.il/feed/GPxPqno0a6,מע׳ בחירות,female
18/06/2019,גילה גמליאל,על תקדימים לבקשתה לחון את עוזי משולם:,ליכוד,רשת,TRUE,חוק ומשפט,חנינות,https://www.thewhistle.co.il/feed/YMWp5YJyKk,הכנסת ה-21,female
14/08/2017,גלעד ארדן,על ייצוא קנאביס,ליכוד,ערוץ 2,untrue,כלכלה,ייצוא קנאביס,https://www.thewhistle.co.il/feed/KRxoo7XxOn,הכנסת ה-20,male
19/11/2017,גלעד ארדן,על כלא סהרונים,ליכוד,גל״צ,untrue,דת ומדינה,הגירה,https://www.thewhistle.co.il/feed/3wW6KvgyD2,הכנסת ה-20,male
21/05/2018,גלעד ארדן,על רישוי הפגנות,ליכוד,גל״צ,half true,חוק ומשפט,רישוי הפגנות,https://www.thewhistle.co.il/feed/O10Y9150wq,הכנסת ה-20,male
03/07/2019,גלעד ארדן,על השיפור ביחס המשטרה ליוצאי אתיופיה:,ליכוד,כאן ב׳,mostly true,חוק ומשפט,שיטור יתר,https://www.thewhistle.co.il/feed/kDy83MmWwa,מע׳ בחירות,male
30/07/2018,דב חנין,על סעיף 7ב בהצעת חוק הלאום,הרשימה המשותפת,103FM,mostly untrue,דת ומדינה,שוויון זכויות,https://www.thewhistle.co.il/feed/QrxOM7nW9B,הכנסת ה-20,male
06/08/2017,דוד אמסלם,על חקירות רה״מ לדורותיהם,ליכוד,גלי ישראל,untrue,חוק ומשפט,חקירות נתניהו,https://www.thewhistle.co.il/feed/7nya1dRy9A,הכנסת ה-20,male
13/08/2017,דוד אמסלם,על ההפגנות בפ״ת,ליכוד,ערוץ הכנסת,untrue,חוק ומשפט,חקירות נתניהו,https://www.thewhistle.co.il/feed/Jm0AKYRyaM,הכנסת ה-20,male
19/09/2017,דוד אמסלם,על סמכותה של המשטרה להמליץ על העמדה לדין,ליכוד,103FM,half true,חוק ומשפט,חקירות נתניהו,https://www.thewhistle.co.il/feed/QXx462pW78,הכנסת ה-20,male
16/10/2017,דוד אמסלם,על היוזמה לאסור חקירות נגד ראש ממשלה מכהן,ליכוד,ערוץ 2,half true,חוק ומשפט,חקירות נתניהו,https://www.thewhistle.co.il/feed/3wW6KmGyD2,הכנסת ה-20,male
09/11/2017,דוד אמסלם,על שכרו בעיריית ירושלים,ליכוד,103FM,mostly untrue,"כנסת, ממשלה ומנהל ציבורי",שכר בעיריית ירושלים,https://www.thewhistle.co.il/feed/O4Wk2bm0jb,הכנסת ה-20,male
09/11/2017,דוד אמסלם,על עדכון שכרו בכנסת,ליכוד,103FM,TRUE,"כנסת, ממשלה ומנהל ציבורי","שכר הח""כים והשרים",https://www.thewhistle.co.il/feed/rVxwgnmxmA,הכנסת ה-20,male
21/11/2017,דוד אמסלם,"על חוק המלצות המשטרה, שימנע מהמשטרה לכתוב",ליכוד,ועדה בכנסת,untrue,חוק ומשפט,חקירות נתניהו,https://www.thewhistle.co.il/feed/2GWMp6n0nv,הכנסת ה-20,male
28/11/2017,דוד אמסלם,"על חוק ההמלצות, שימנע מהמשטרה לפרסם",ליכוד,כאן ב׳,untrue,חוק ומשפט,חקירות נתניהו,https://www.thewhistle.co.il/feed/Jm0AKJYyaM,הכנסת ה-20,male
28/11/2017,דוד אמסלם,"על חוק ההמלצות, שימנע מהמשטרה לפרסם",ליכוד,כאן ב׳,half true,חוק ומשפט,חקירות נתניהו,https://www.thewhistle.co.il/feed/QXx465RW78,הכנסת ה-20,male
01/12/2017,דוד אמסלם,על חוק ההמלצות,ליכוד,פייסבוק,untrue,חוק ומשפט,חקירות נתניהו,https://www.thewhistle.co.il/feed/kDy83BKWwa,הכנסת ה-20,male
26/02/2018,דוד אמסלם,על ההתכתבויות בין השופטת לחוקר תיק 4000,ליכוד,גל״צ,untrue,חוק ומשפט,חקירות נתניהו,https://www.thewhistle.co.il/feed/8Oxr5rKyDq,הכנסת ה-20,male
13/06/2018,דוד אמסלם,על העוזרת של מיצל׳ן,ליכוד,גל״צ,untrue,חוק ומשפט,חקירות נתניהו,https://www.thewhistle.co.il/feed/47yD8NeyGP,הכנסת ה-20,male
20/11/2018,דוד אמסלם,על המלצות המשטרה שעוברות לפרקליטות,ליכוד,103FM,untrue,חוק ומשפט,חקירות נתניהו,https://www.thewhistle.co.il/feed/QXx46V2W78,הכנסת ה-20,male
21/01/2019,דוד אמסלם,על עריכת שימוע לראש הממשלה בתקופת בחירות:,ליכוד,103FM,untrue,חוק ומשפט,חקירות נתניהו,https://www.thewhistle.co.il/feed/2GWMplg0nv,מע׳ בחירות,male
03/03/2019,דוד אמסלם,על אישור עסקת המיזוג בין בזק ל-yes:,ליכוד,כאן ב׳,mostly untrue,חוק ומשפט,חקירות נתניהו,https://www.thewhistle.co.il/feed/Jm0AKmqyaM,מע׳ בחירות,male
03/08/2017,דוד ביטן,על ההפגנות בפ״ת,ליכוד,גלי ישראל,untrue,חוק ומשפט,חקירות נתניהו,https://www.thewhistle.co.il/feed/a5xQzJD0qA,הכנסת ה-20,male
10/08/2017,דוד ביטן,על קבלת מתנות בידי עובדי ציבור,ליכוד,גלי ישראל,untrue,חוק ומשפט,חקירות נתניהו,https://www.thewhistle.co.il/feed/6a0JD6wyLN,הכנסת ה-20,male
16/09/2017,דוד ביטן,על סמכות ביהמ״ש לפסול חקיקה,ליכוד,ערוץ 10,TRUE,חוק ומשפט,"בג""ץ",https://www.thewhistle.co.il/feed/DKWRR4mWbj,הכנסת ה-20,male
08/10/2017,דוד ביטן,"על פסיקת בג""ץ בעניין ההפגנות בפתח תקווה",ליכוד,גל״צ,untrue,חוק ומשפט,חקירות נתניהו,https://www.thewhistle.co.il/feed/NR0d2oVyBV,הכנסת ה-20,male
05/11/2017,דוד ביטן,על חוק עונש מוות למחבלים,ליכוד,גל״צ,untrue,חוץ ובטחון,סכסוך ישראלי-פלסטיני,https://www.thewhistle.co.il/feed/8Oxr5RgyDq,הכנסת ה-20,male
12/11/2017,דוד ביטן,על שכרו של רה״מ,ליכוד,כאן ב׳,untrue,"כנסת, ממשלה ומנהל ציבורי",שכר ראש הממשלה,https://www.thewhistle.co.il/feed/RVxBjnaxZk,הכנסת ה-20,male
25/11/2017,דוד ביטן,על עבודות הרכבת בשבת,ליכוד,גל״צ,untrue,דת ומדינה,השבת,https://www.thewhistle.co.il/feed/O10Y93V0wq,הכנסת ה-20,male
23/05/2018,דוד ביטן,על הגיוס בצפון ת״א,ליכוד,גל״צ,untrue,דת ומדינה,חוק הגיוס,https://www.thewhistle.co.il/feed/6a0JDNAyLN,הכנסת ה-20,male
23/05/2018,דוד ביטן,על החקירה בעניינו,ליכוד,ערוץ 10,untrue,חוק ומשפט,חקירת ביטן,https://www.thewhistle.co.il/feed/jKx28EgWZq,הכנסת ה-20,male
07/07/2018,דוד ביטן,על זמן נסיעה מאופקים לתל-אביב,ליכוד,כנס,untrue,תחבורה,תחבורה,https://www.thewhistle.co.il/feed/QOxe2Rl0GE,הכנסת ה-20,male
29/01/2019,דוד ביטן,על החוק לגבי הדלפות מחקירות,ליכוד,גל״צ,half true,חוק ומשפט,חקירות נתניהו,https://www.thewhistle.co.il/feed/kDy83kYWwa,מע׳ בחירות,male
10/10/2018,דני דנון,"בעקבות התפטרותה של שגרירת ארה""ב באו""ם",,ערוץ 20,mostly untrue,חוץ ובטחון,סכסוך ישראלי-פלסטיני,https://www.thewhistle.co.il/feed/DKWRRVbWbj,הכנסת ה-20,male
10/12/2018,דני דנון,"על הניסיון להעביר החלטה המגנה את חמאס בעצרת הכללית של האו""ם",ליכוד,רדיו קול-חי,mostly true,חוץ ובטחון,יחסים בינ״ל,https://www.thewhistle.co.il/feed/O4Wk2gg0jb,הכנסת ה-20,male
02/05/2019,דני דנון,"על האנטישמיות בארה""ב:",ליכוד,"גל""צ",half true,חוק ומשפט,פשעי שנאה,https://www.thewhistle.co.il/feed/QXx46GpW78,הכנסת ה-21,male
06/05/2019,דני דנון,"על הגיבוי בעולם לתקיפות צה""ל בעזה:",ליכוד,רשת,half true,חוץ ובטחון,סכסוך ישראלי-פלסטיני,https://www.thewhistle.co.il/feed/8d0G7Qr0Jn,הכנסת ה-21,male
23/10/2017,זאב אלקין,על ההצעה נגד חקירת ראש ממשלה מכהן,ליכוד,גל״צ,half true,חוק ומשפט,חקירות נתניהו,https://www.thewhistle.co.il/feed/dJxVq4My2D,הכנסת ה-20,male
31/10/2017,זאב אלקין,על תכניתו לירושלים,ליכוד,פייסבוק,TRUE,חוץ ובטחון,סכסוך ישראלי-פלסטיני,https://www.thewhistle.co.il/feed/GPxPqX20a6,הכנסת ה-20,male
23/12/2017,זאב אלקין,על התנאים לפיטורי רה״מ,ליכוד,ערוץ 10,TRUE,חוק ומשפט,חקירות נתניהו,https://www.thewhistle.co.il/feed/KRxooXDxOn,הכנסת ה-20,male
16/01/2018,זאב אלקין,על שכר השרים,ליכוד,גל״צ,mostly true,כלכלה,שכר,https://www.thewhistle.co.il/feed/QOxe2vk0GE,הכנסת ה-20,male
25/07/2018,זאב אלקין,על חוק הפונדקאות,ליכוד,רשת,mostly untrue,דת ומדינה,שוויון זכויות,https://www.thewhistle.co.il/feed/GPxPqkz0a6,הכנסת ה-20,male
03/09/2018,זאב אלקין,"על החלטות אונסק""ו בעניין חברון וירושלים",ליכוד,גל״צ,half true,חוץ ובטחון,יחסים בינ״ל,https://www.thewhistle.co.il/feed/3wW6KkXyD2,הכנסת ה-20,male
22/10/2018,זאב אלקין,על האוכלוסייה היהודית במזרח ירושלים,ליכוד,כאן ב׳,TRUE,חוץ ובטחון,סכסוך ישראלי-פלסטיני,https://www.thewhistle.co.il/feed/Z8yXDAPy42,הכנסת ה-20,male
09/11/2018,זאב אלקין,על ההכרה הבינלאומית בירושלים כבירת ישראל,ליכוד,רדיו ת״א,untrue,חוץ ובטחון,יחסים בינ״ל,https://www.thewhistle.co.il/feed/LK0Za3YxPk,הכנסת ה-20,male
03/12/2018,זאב אלקין,על התפטרותו של ראש הממשלה לשעבר אהוד אולמרט,ליכוד,גל״צ,untrue,חוק ומשפט,חקירות נתניהו,https://www.thewhistle.co.il/feed/GPxPqa70a6,הכנסת ה-20,male
19/05/2019,זאב אלקין,על החסינות הנשיאותית בצרפת,ליכוד,כאן ב',mostly untrue,חוק ומשפט,החוק הצרפתי,https://www.thewhistle.co.il/feed/8Oxr5YgyDq,הכנסת ה-21,male
11/01/2018,זהבה גלאון,על חוק המרכולים,מרצ,כאן ב׳,untrue,דת ומדינה,השבת,https://www.thewhistle.co.il/feed/6a0JDLPyLN,הכנסת ה-20,female
29/05/2018,חיים ילין,על השפעת ההתנקתות על העוני בעזה,עבודה,גלי ישראל,untrue,חוץ ובטחון,סכסוך ישראלי-פלסטיני,https://www.thewhistle.co.il/feed/1l0L196Wva,הכנסת ה-20,male
03/02/2019,חיים ילין,על צמצום הגירעון בתקופת לפיד במשרד האוצר:,עבודה,גל״צ,mostly untrue,כלכלה,תקציב המדינה,https://www.thewhistle.co.il/feed/8Oxr5oXyDq,מע׳ בחירות,male
16/10/2017,יאיר לפיד,על מצב המשק כשכיהן כשר אוצר,יש עתיד,כנס,mostly untrue,כלכלה,תקציב המדינה,https://www.thewhistle.co.il/feed/Xr0mzbvWpv,הכנסת ה-20,male
08/12/2017,יאיר לפיד,על הישגיו בתחום החברות הממשלתיות,יש עתיד,פייסבוק,half true,כלכלה,חברות ממשלתיות,https://www.thewhistle.co.il/feed/Z909OkJyqO,הכנסת ה-20,male
08/12/2017,יאיר לפיד,על הישגיו בתחום הדיור,יש עתיד,פייסבוק,mostly untrue,כלכלה,יוקר המחיה,https://www.thewhistle.co.il/feed/O10Y9LV0wq,הכנסת ה-20,male
08/12/2017,יאיר לפיד,על מינויי נשים במשרד האוצר בתקופתו,יש עתיד,פייסבוק,mostly untrue,דת ומדינה,שוויון זכויות,https://www.thewhistle.co.il/feed/O10Y9LV0wq,הכנסת ה-20,male
26/12/2017,יאיר לפיד,על תוקף חוק ההמלצות על תיק הצוללות,יש עתיד,כאן ב׳,untrue,חוק ומשפט,חקירות נתניהו,https://www.thewhistle.co.il/feed/2GWMpa90nv,הכנסת ה-20,male
27/12/2017,יאיר לפיד,על מו״מ בנושא ירושלים,יש עתיד,גל״צ,untrue,חוץ ובטחון,סכסוך ישראלי-פלסטיני,https://www.thewhistle.co.il/feed/QXx46kqW78,הכנסת ה-20,male
09/04/2018,יאיר לפיד,על תגובת ישראל לדיווחים על תקיפות לכאורה בסוריה,יש עתיד,גל״צ,untrue,חוץ ובטחון,המלחמה בסוריה,https://www.thewhistle.co.il/feed/O10Y9Ja0wq,הכנסת ה-20,male
02/07/2018,יאיר לפיד,על חוק הגיוס החדש,יש עתיד,אולפן ynet,untrue,דת ומדינה,חוק הגיוס,https://www.thewhistle.co.il/feed/3wW6KQnyD2,הכנסת ה-20,male
03/09/2018,יאיר לפיד,על השינוי במחירי המזון והדיור בתקופת כהונתה של הממשלה הנוכחית,יש עתיד,נאום,mostly untrue,כלכלה,יוקר המחיה,https://www.thewhistle.co.il/feed/rVxwg9QxmA,הכנסת ה-20,male
13/09/2018,יאיר לפיד,על השכר הריאלי במשק,יש עתיד,פייסבוק,untrue,כלכלה,יוקר המחיה,https://www.thewhistle.co.il/feed/dJxVqzKy2D,הכנסת ה-20,male
03/10/2018,יאיר לפיד,"על תגובת סבא""א לנאום נתניהו באו""ם",יש עתיד,גל״צ,untrue,חוץ ובטחון,הסכם הגרעין האיראני,https://www.thewhistle.co.il/feed/a5xQzG40qA,הכנסת ה-20,male
03/10/2018,יאיר לפיד,"על הגדרת אונר""א לפליטים הפלסטינים",יש עתיד,גל״צ,mostly untrue,חוץ ובטחון,הסכם הגרעין האיראני,https://www.thewhistle.co.il/feed/O10Y96n0wq,הכנסת ה-20,male
01/11/2018,יאיר לפיד,על פועלה של יעל גרמן בנושא חוק הפונדקאות,יש עתיד,רשת,TRUE,דת ומדינה,שוויון זכויות,https://www.thewhistle.co.il/feed/6a0JD9RyLN,הכנסת ה-20,male
19/12/2018,יאיר לפיד,על מחירי החשמל בתקופתו כשר אוצר,יש עתיד,פייסבוק,mostly untrue,כלכלה,יוקר המחיה,https://www.thewhistle.co.il/feed/3wW6K3YyD2,הכנסת ה-20,male
19/12/2018,יאיר לפיד,על השקעות הממשלה בחדשנות,יש עתיד,נאום,untrue,כלכלה,תקציב המדינה,https://www.thewhistle.co.il/feed/a5xQz8D0qA,הכנסת ה-20,male
12/01/2019,יאיר לפיד,על עלות סל שירותי הבריאות בישראל,יש עתיד,רשת,untrue,כלכלה,תקציב הבריאות,https://www.thewhistle.co.il/feed/6a0JD4wyLN,מע׳ בחירות,male
15/01/2019,יאיר לפיד,על עלות סל שירותי הבריאות בישראל,יש עתיד,כאן ב׳,TRUE,כלכלה,תקציב הבריאות,https://www.thewhistle.co.il/feed/AqW78OwyaJ,מע׳ בחירות,male
28/01/2019,יאיר לפיד,"על פעילות מפלגתו לשילוב חרדים בצה""ל ובשוק העבודה",יש עתיד,פייסבוק,half true,דת ומדינה,חוק הגיוס,https://www.thewhistle.co.il/feed/36xj81OWRd,מע׳ בחירות,male
04/05/2019,יאיר לפיד,על ההבדל בקצבאות לקשישים ולתלמידי ישיבות:,כחול לבן,קשת,untrue,"עבודה, רווחה ובריאות",קצבאות זיקנה,https://www.thewhistle.co.il/feed/Jm0AKdgyaM,הכנסת ה-21,male
03/07/2019,יאיר לפיד,על המפנה בביצועי החברות הממשלתיות בזמן כהונתו כשר אוצר:,כחול לבן,נאום,mostly true,כלכלה,חברות ממשלתיות,https://www.thewhistle.co.il/feed/VnWb27NWve,מע׳ בחירות,male
18/07/2019,יאיר לפיד,על הסיבות לגירעון התקציבי:,כחול לבן,גלובס,mostly untrue,כלכלה,גירעון,https://www.thewhistle.co.il/feed/O4WkkKVWjb,מע׳ בחירות,male
16/07/2019,יבגני סובה,על הטבות לחיילים משוחררים:,ישראל ביתנו,גל״צ,half true,כלכלה,הטבות למשוחררים ומילואימנייקים,https://www.thewhistle.co.il/feed/NR0dqZ4WBV,מע׳ בחירות,male
04/12/2017,יהודה גליק,על יוזמתו להרחיב את האיסור על מכירת מוצרי טבק,ליכוד,כאן ב׳,half true,"עבודה, רווחה ובריאות",מערכת הבריאות,https://www.thewhistle.co.il/feed/47yD8VGyGP,הכנסת ה-20,male
18/02/2018,יהודה גליק,על מפלגת החירות האוסטרית,ליכוד,גל״צ,mostly untrue,חוץ ובטחון,יחסים בינ״ל,https://www.thewhistle.co.il/feed/DKWRR8AWbj,הכנסת ה-20,male
14/09/2018,יהודה גליק,על האוכלוסייה היהודית והפלסטינית מעבר לקו הירוק,ליכוד,רדיו ת״א,untrue,חוץ ובטחון,סכסוך ישראלי-פלסטיני,https://www.thewhistle.co.il/feed/47yD8KByGP,הכנסת ה-20,male
02/01/2018,יואב בן צור,על חוק המרכולים,"ש""ס",כאן ב׳,untrue,דת ומדינה,השבת,https://www.thewhistle.co.il/feed/wzy5Kmw0Q6,הכנסת ה-20,male
14/11/2017,יואב גלנט,על מחירי הדיור,ליכוד,גל״צ,mostly untrue,כלכלה,יוקר המחיה,https://www.thewhistle.co.il/feed/a5xQzne0qA,הכנסת ה-20,male
18/06/2018,יואב גלנט,על רמת החיים ברמאללה,ליכוד,כאן ב׳,untrue,חוץ ובטחון,סכסוך ישראלי-פלסטיני,https://www.thewhistle.co.il/feed/O4Wk2910jb,הכנסת ה-20,male
10/07/2018,יואב גלנט,על הדיור הציבורי בישראל,ליכוד,רשת,mostly true,"עבודה, רווחה ובריאות",דיור ציבורי,https://www.thewhistle.co.il/feed/GkxzveYxo5,הכנסת ה-20,male
23/02/2019,יואב גלנט,על הסכמי העודפים בכנסת העשרים,ליכוד,רשת,untrue,"כנסת, ממשלה ומנהל ציבורי",בחירות לכנסת,https://www.thewhistle.co.il/feed/O10Y9bl0wq,מע׳ בחירות,male
02/01/2018,יואב קיש,על חוק המרכולים,ליכוד,ערוץ הכנסת,untrue,דת ומדינה,השבת,https://www.thewhistle.co.il/feed/O10Y9vX0wq,הכנסת ה-20,male
22/01/2018,יואב קיש,על חזקת הגיל הרך,ליכוד,כאן ב׳,untrue,דת ומדינה,שוויון זכויות,https://www.thewhistle.co.il/feed/aVyNX8X0K8,הכנסת ה-20,male
29/01/2018,יואב קיש,על מבקשי מקלט אריתראים,ליכוד,גל״צ,untrue,דת ומדינה,הגירה,https://www.thewhistle.co.il/feed/a5xQzbb0qA,הכנסת ה-20,male
07/08/2017,יואל חסון,על מינוי היועמ״ש,התנועה,גלי ישראל,mostly untrue,חוק ומשפט,חקירות נתניהו,https://www.thewhistle.co.il/feed/O10Y9X20wq,הכנסת ה-20,male
03/01/2018,יובל שטייניץ,על עונש מוות למחבלים,ליכוד,103FM,TRUE,חוץ ובטחון,סכסוך ישראלי-פלסטיני,https://www.thewhistle.co.il/feed/Z909O3wyqO,הכנסת ה-20,male
20/01/2018,יובל שטייניץ,על תפקודו כשר אוצר,ליכוד,ערוץ 10,mostly untrue,כלכלה,תקציב המדינה,https://www.thewhistle.co.il/feed/qX0nzla0N9,הכנסת ה-20,male
23/01/2018,יובל שטייניץ,על הסכמי הגליית זרים,ליכוד,גל״צ,mostly untrue,דת ומדינה,הגירה,https://www.thewhistle.co.il/feed/7nya1lvy9A,הכנסת ה-20,male
29/06/2018,יובל שטייניץ,על המשבר במשק המים בישראל,ליכוד,רדיו ת״א,untrue,סביבה,משק המים,https://www.thewhistle.co.il/feed/O4Wk2940jb,הכנסת ה-20,male
02/07/2018,יובל שטייניץ,"על כנס ""ילדים תחת כיבוש"" בכנסת",ליכוד,כאן ב׳,untrue,חוץ ובטחון,סכסוך ישראלי-פלסטיני,https://www.thewhistle.co.il/feed/a5xQz630qA,הכנסת ה-20,male
25/12/2018,יובל שטייניץ,על הצטרפות ישראל ל-OECD,ליכוד,כאן ב׳,half true,כלכלה,תקציב המדינה,https://www.thewhistle.co.il/feed/7nya1VRy9A,הכנסת ה-20,male
24/02/2019,יובל שטייניץ,על הסכמי עודפים עם מפלגות ערביות,ליכוד,כאן ב׳,untrue,"כנסת, ממשלה ומנהל ציבורי",בחירות לכנסת,https://www.thewhistle.co.il/feed/QrxOMvYW9B,מע׳ בחירות,male
10/03/2019,יובל שטייניץ,על הגירעון התקציבי בעת סיום כהונתו:,ליכוד,גל״צ,untrue,כלכלה,תקציב המדינה,https://www.thewhistle.co.il/feed/YMWp5ZEyKk,מע׳ בחירות,male
19/03/2019,יובל שטייניץ,על הפקת אנרגיה מגז טבעי:,ליכוד,"גל""צ",mostly untrue,חוק ומשפט,חקירות נתניהו,https://www.thewhistle.co.il/feed/a5xQzZl0qA,מע׳ בחירות,male
10/04/2019,יובל שטייניץ,על ממשלות ימין צרות:,ליכוד,103FM,mostly true,"כנסת, ממשלה ומנהל ציבורי",הרכב ממשלות,https://www.thewhistle.co.il/feed/O4Wk26m0jb,מע׳ בחירות,male
18/04/2019,יובל שטייניץ,"על עומס התיקים בבג""צ:",ליכוד,כאן ב',misleading,חוק ומשפט,"ביהמ""ש העליון",https://www.thewhistle.co.il/feed/ORxK91JWjK,מע׳ בחירות,male
05/06/2019,יובל שטייניץ,על הכנסות המדינה מגז טבעי:,ליכוד,כאן ב׳,mostly untrue,כלכלה,מתווה הגז,https://www.thewhistle.co.il/feed/nJy3YNG0PO,הכנסת ה-21,male
10/08/2017,יוסי דגן,על חקירות ברק,,כאן ב׳,untrue,חוק ומשפט,חקירות נתניהו,https://www.thewhistle.co.il/feed/Xr0mz11Wpv,הכנסת ה-20,male
14/04/2019,יועז הנדל,"על שיעורי החינוך הציוני והגיוס לצה""ל:",כחול לבן,כאן ב',untrue,דת ומדינה,חוק הגיוס,https://www.thewhistle.co.il/feed/YXylJB40w2,מע׳ בחירות,male
14/05/2019,יועז הנדל,על שיעור החינוך הציוני וגיוס לצה״ל:,כחול לבן,כאן ב׳,half true,"חינוך, תרבות וספורט",חינוך לציונות,https://www.thewhistle.co.il/feed/YXylJB40w2,הכנסת ה-21,male
20/12/2017,יעל גרמן,על ייצוא קנאביס,יש עתיד,גל״צ,half true,כלכלה,ייצוא קנאביס,https://www.thewhistle.co.il/feed/nJy3YbJ0PO,הכנסת ה-20,female
15/07/2019,יעל גרמן,על חקיקה נגד טיפולי המרה ללהט״ביםף,כחול לבן,גל״צ,TRUE,דת ומדינה,טיפולי המרה,https://www.thewhistle.co.il/feed/RVxBGrw0Zk,מע׳ בחירות,female
03/04/2018,יעל כהן פארן,על מס׳ התיכונים בדרום ת״א,עבודה,פייסבוק,untrue,דת ומדינה,הגירה,https://www.thewhistle.co.il/feed/M8W1Oonxge,הכנסת ה-20,female
11/09/2017,יעקב ליצמן,על הגירעון בהדסה,יהדות התורה,גל״צ,untrue,"עבודה, רווחה ובריאות",מערכת הבריאות,https://www.thewhistle.co.il/feed/6a0JDM9yLN,הכנסת ה-20,male
26/12/2017,יעקב ליצמן,על יוזמתו שראשי ממשלה יידרשו להיות בעלי ניסיון צבאי או תואר אקדמי,יהדות התורה,רשת,untrue,"כנסת, ממשלה ומנהל ציבורי",ניסיון צבאי,https://www.thewhistle.co.il/feed/qX0nzXm0N9,הכנסת ה-20,male
04/03/2018,יעקב ליצמן,על הצ״ח יסוד לימוד תורה,יהדות התורה,103FM,mostly untrue,דת ומדינה,חוק הגיוס,https://www.thewhistle.co.il/feed/VnWb2ADWve,הכנסת ה-20,male
31/10/2018,יעקב ליצמן,על פועלה של יעל גרמן בנושא חוק הפונדקאות,יהדות התורה,נאום,untrue,דת ומדינה,שוויון זכויות,https://www.thewhistle.co.il/feed/3wW6K5YyD2,הכנסת ה-20,male
07/04/2019,יעקב ליצמן,על המחסור במיטות אשפוז בבתי חולים:,יהדות התורה,"גל""צ",mostly untrue,כלכלה,תקציב הבריאות,https://www.thewhistle.co.il/feed/NR0d2jVyBV,מע׳ בחירות,male
07/04/2019,יעקב ליצמן,על פועלו בתחום הבריאות:,יהדות התורה,"גל""צ",TRUE,תחבורה,תעופה,https://www.thewhistle.co.il/feed/6a0JDm9yLN,מע׳ בחירות,male
04/03/2019,יפעת שאשא-ביטון,על מחירי החשמל,כולנו,רשת,untrue,כלכלה,יוקר המחיה,https://www.thewhistle.co.il/feed/KRxoozvxOn,מע׳ בחירות,female
09/07/2019,יפעת שאשא-ביטון,על העברת אגף מעונות היום למשרד החינוך:,כולנו,גל״צ,half true,"חינוך, תרבות וספורט",מעונות יום,https://www.thewhistle.co.il/feed/Z8yXDkMy42,מע׳ בחירות,female
30/01/2018,יצחק בוז׳י הרצוג,על סודן ואריתראה,עבודה,רדיו ירושלים,mostly true,דת ומדינה,הגירה,https://www.thewhistle.co.il/feed/rVxwgl6xmA,הכנסת ה-20,male
22/08/2018,יצחק כהן,על הצורך לקיים עבודות לבניית גשר יהודית בתל אביב בשבת,"ש""ס",כאן ב׳,untrue,דת ומדינה,השבת,https://www.thewhistle.co.il/feed/QXx46naW78,הכנסת ה-20,male
26/06/2019,יצחק פינדרוס,על יחסו של שי פירון לחרדים:,יהדות התורה,גל״צ,misleading,"חינוך, תרבות וספורט",תקציב,https://www.thewhistle.co.il/feed/36xj8XVWRd,הכנסת ה-21,male
17/08/2017,יריב לוין,על נאומו של רה״מ נגד רשויות החוק,ליכוד,כאן ב׳,untrue,חוק ומשפט,חקירות נתניהו,https://www.thewhistle.co.il/feed/DKWRRb6Wbj,הכנסת ה-20,male
08/09/2017,יריב לוין,"על פסיקת בג""ץ בעניין מבקשי המקלט",ליכוד,גלובס,untrue,דת ומדינה,הגירה,https://www.thewhistle.co.il/feed/O10Y9rp0wq,הכנסת ה-20,male
03/10/2017,יריב לוין,על היעדרות הרשות השופטת מטקס בגוש עציון,ליכוד,גל״צ,untrue,חוק ומשפט,"בג""ץ",https://www.thewhistle.co.il/feed/wzy5KJm0Q6,הכנסת ה-20,male
27/11/2017,יריב לוין,על פתיחת עסקים בשבת,ליכוד,כאן ב׳,untrue,דת ומדינה,השבת,https://www.thewhistle.co.il/feed/Xr0mzK2Wpv,הכנסת ה-20,male
08/12/2017,יריב לוין,על חוק ההמלצות,ליכוד,חברת החדשות,mostly untrue,חוק ומשפט,חקירות נתניהו,https://www.thewhistle.co.il/feed/a5xQzld0qA,הכנסת ה-20,male
13/05/2018,יריב לוין,על תאגיד השידור הציבורי,ליכוד,גל״צ,untrue,תקשורת,תאגיד השידור,https://www.thewhistle.co.il/feed/47yD8PeyGP,הכנסת ה-20,male
12/10/2018,יריב לוין,"על השפעת פסיקות בג""ץ על קצב יציאת מהגרים ומבקשי מקלט מהארץ",ליכוד,גל״צ,untrue,דת ומדינה,הגירה,https://www.thewhistle.co.il/feed/YXylJEL0w2,הכנסת ה-20,male
24/10/2018,יריב לוין,על מפוני המאחז עמונה,ליכוד,כאן ב׳,untrue,חוץ ובטחון,סכסוך ישראלי-פלסטיני,https://www.thewhistle.co.il/feed/1l0L1YDWva,הכנסת ה-20,male
24/12/2017,ישראל אייכלר,על ביקור הוועדה בבית שמש,יהדות התורה,הודעה לעיתונות,half true,דת ומדינה,שוויון זכויות,https://www.thewhistle.co.il/feed/YMWp5XGyKk,הכנסת ה-20,male
23/12/2018,ישראל אייכלר,"על גיוס נשים לצה""ל",יהדות התורה,רדיו קול-חי,mostly true,דת ומדינה,חוק הגיוס,https://www.thewhistle.co.il/feed/3wW6KYpyD2,הכנסת ה-20,male
28/04/2019,ישראל אייכלר,על ביצועי תכנית מחיר למשתכן:,יהדות התורה,"גל""צ",mostly true,כלכלה,יוקר המחיה,https://www.thewhistle.co.il/feed/nJy3YGG0PO,מע׳ בחירות,male
05/12/2017,ישראל כ״ץ,על מספר ההרוגים בתאונות דרכים,ליכוד,כאן ב׳,untrue,תחבורה,תאונות דרכים,https://www.thewhistle.co.il/feed/1l0L1kMWva,הכנסת ה-20,male
12/09/2018,ישראל כ״ץ,בעקבות ההודעה על סגירת הנציגות הפלסטינית בוושינגטון,ליכוד,גלי ישראל,TRUE,חוץ ובטחון,סכסוך ישראלי-פלסטיני,https://www.thewhistle.co.il/feed/QrxOM5BW9B,הכנסת ה-20,male
04/10/2018,ישראל כ״ץ,על מעורבותו של רון חולדאי בהקמת גשר יהודית בתל אביב,ליכוד,גל״צ,untrue,תחבורה,רכבת,https://www.thewhistle.co.il/feed/Xr0mzEwWpv,הכנסת ה-20,male
05/12/2018,ישראל כ״ץ,על ההפסדים של רכבת ישראל ברבעון השלישי של 2018,ליכוד,כאן ב׳,mostly true,תחבורה,רכבת,https://www.thewhistle.co.il/feed/kDy83zaWwa,הכנסת ה-20,male
13/03/2019,ישראל כ״ץ,על תקציב התחבורה הציבורית,ליכוד,קשת,mostly true,כלכלה,תקציב התחבורה,https://www.thewhistle.co.il/feed/e30EJQaWXQ,מע׳ בחירות,male
28/03/2019,ישראל כ״ץ,"ל דו""ח מבקר המדינה בנושא ההתקשרות בין החברה של בני גנץ למשטרה:",ליכוד,כאן ב',untrue,חוץ ובטחון,סכסוך ישראלי-ערבי,https://www.thewhistle.co.il/feed/Z909Ob9yqO,מע׳ בחירות,male
26/06/2019,ישראל כ״ץ,על תרומותו לירידה בקטל בדרכים:,ליכוד,פייסבוק,half true,תחבורה,הרוגים בתאונות דרכים,https://www.thewhistle.co.il/feed/OZWqm2RWjw,הכנסת ה-21,male
07/09/2018,מאיר כהן,על גובה השכר בישראל,יש עתיד,רדיוס,untrue,כלכלה,שכר,https://www.thewhistle.co.il/feed/jKx28DMWZq,הכנסת ה-20,male
06/03/2019,מאיר כהן,על הבנייה בירושלים בזמן כהונת נתניהו לעומת כהונת אולמרט:,כחול לבן,רשת,untrue,חוץ ובטחון,סכסוך ישראלי-פלסטיני,https://www.thewhistle.co.il/feed/LK0ZaqRxPk,מע׳ בחירות,male
16/05/2019,מאיר כהן,על הרוב המבוקש בוועדת הכנסת,כחול לבן,"גל""צ",mostly untrue,"כנסת, ממשלה ומנהל ציבורי",ועדת הכנסת,https://www.thewhistle.co.il/feed/N1xgVXbyeO,הכנסת ה-21,male
13/09/2017,מאיר פרוש,על דבריו נגד השופט המנוח חשין,יהדות התורה,כאן ב׳,untrue,"כנסת, ממשלה ומנהל ציבורי",השופט חשין,https://www.thewhistle.co.il/feed/M8W1Owexge,הכנסת ה-20,male
13/09/2017,מאיר פרוש,על חוק הגיוס,יהדות התורה,כאן ב׳,mostly true,דת ומדינה,חוק הגיוס,https://www.thewhistle.co.il/feed/qX0nzpZ0N9,הכנסת ה-20,male
13/09/2017,מוטי יוגב,על סמכות ביהמ״ש לבטל חקיקה,הבית היהודי,כאן ב׳,untrue,חוק ומשפט,"בג""ץ",https://www.thewhistle.co.il/feed/nJy3YQG0PO,הכנסת ה-20,male
25/09/2017,מוטי יוגב,על תקציב הביטחון,הבית היהודי,דה-מרקר,half true,כלכלה,תקציב המדינה,https://www.thewhistle.co.il/feed/YXylJq40w2,הכנסת ה-20,male
10/10/2017,מוטי יוגב,על צילומי לוויין של גוגל בישראל,הבית היהודי,כאן ב׳,mostly true,חוץ ובטחון,צילומי לווין של גוגל,https://www.thewhistle.co.il/feed/RVxBjQaxZk,הכנסת ה-20,male
19/11/2017,מוטי יוגב,על הדמוגרפיה ביהודה ושומרון,הבית היהודי,פייסבוק,untrue,חוץ ובטחון,סכסוך ישראלי-פלסטיני,https://www.thewhistle.co.il/feed/O4Wk2bV0jb,הכנסת ה-20,male
19/03/2018,מוטי יוגב,על גירוש מחבלים ללבנון ב-92׳,הבית היהודי,גל״צ,untrue,חוץ ובטחון,סכסוך ישראלי-פלסטיני,https://www.thewhistle.co.il/feed/47yD8XPyGP,הכנסת ה-20,male
26/03/2018,מוטי יוגב,על הריבוי הטבעי באוכלוסייה היהודית והערבתי,הבית היהודי,טוויטר,untrue,חוץ ובטחון,סכסוך ישראלי-פלסטיני,https://www.thewhistle.co.il/feed/Z909OXNyqO,הכנסת ה-20,male
05/08/2018,מוסי רז,על קליטת סייענים בישראל,מרצ,ערוץ 20,untrue,דת ומדינה,שוויון זכויות,https://www.thewhistle.co.il/feed/7nya12ey9A,הכנסת ה-20,male
07/01/2018,מייקל אורן,"על מכירת שיכר בסוף שבוע בארה""ב",כולנו,כאן ב׳,half true,דת ומדינה,השבת,https://www.thewhistle.co.il/feed/Z909O3eyqO,הכנסת ה-20,male
18/03/2018,מייקל אורן,על שיטת מינוי השופטים בישראל,כולנו,רדיו דרום - אשדוד,mostly untrue,חוק ומשפט,"בג""ץ",https://www.thewhistle.co.il/feed/jKx28prWZq,הכנסת ה-20,male
24/05/2018,מייקל אורן,על ייבוא מטורקיה,כולנו,כאן ב׳,untrue,חוץ ובטחון,יחסים בינ״ל,https://www.thewhistle.co.il/feed/QXx46NXW78,הכנסת ה-20,male
13/06/2018,מייקל אורן,על עמדת טראמפ ביחס לירושלים,כולנו,רדיו דרום אשדוד,mostly untrue,חוץ ובטחון,יחסים בינ״ל,https://www.thewhistle.co.il/feed/RVxBjNBxZk,הכנסת ה-20,male
26/09/2018,מייקל אורן,"על נאום טראמפ בעצרת הכללית של האו""ם",כולנו,קשת,half true,חוץ ובטחון,ארצות הברית,https://www.thewhistle.co.il/feed/QOxe2gD0GE,הכנסת ה-20,male
03/12/2017,מיכאל מלכיאלי,על השכלה גבוהה לחרדים,"ש""ס",גל״צ,untrue,"חינוך, תרבות וספורט",חינוך,https://www.thewhistle.co.il/feed/e30EJeBWXQ,הכנסת ה-20,male
06/08/2018,מיכאל מלכיאלי,על חוקי עזר לפתיחת עסקים בשבת,"ש""ס",גל״צ,mostly untrue,דת ומדינה,השבת,https://www.thewhistle.co.il/feed/O10Y9Bj0wq,הכנסת ה-20,male
29/10/2017,מיכל רוזין,על מצע הליכוד,מרצ,גל״צ,untrue,"כנסת, ממשלה ומנהל ציבורי",בחירות לכנסת,https://www.thewhistle.co.il/feed/qX0nzgZ0N9,הכנסת ה-20,female
01/01/2018,מיכל רוזין,על הבנייה ביהודה ושומרון,מרצ,ערוץ הכנסת,TRUE,חוץ ובטחון,סכסוך ישראלי-פלסטיני,https://www.thewhistle.co.il/feed/47yD8LjyGP,הכנסת ה-20,female
05/01/2018,מיכל רוזין,על עונש מוות ויאיר לפיד,מרצ,כאן 11,untrue,חוץ ובטחון,סכסוך ישראלי-פלסטיני,https://www.thewhistle.co.il/feed/QrxOMLEW9B,הכנסת ה-20,female
16/01/2018,מיכל רוזין,"על אמנת הפליטים של האו""ם",מרצ,ערוץ הכנסת,mostly untrue,דת ומדינה,הגירה,https://www.thewhistle.co.il/feed/LK0ZaL3xPk,הכנסת ה-20,female
16/01/2018,מיכל רוזין,על מדיניות גירוש הזרים במדינה,מרצ,ערוץ הכנסת,mostly true,דת ומדינה,הגירה,https://www.thewhistle.co.il/feed/QXx46B3W78,הכנסת ה-20,female
15/05/2019,מיכל רוזין,על יוקר המחיה ומדד המחירים,מרצ,טוויטר,half true,כלכלה,יוקר המחיה,https://www.thewhistle.co.il/feed/YXylJB40w2,הכנסת ה-21,female
18/06/2019,מיכל רוזין,על הטיפול בתלונות על פגיעה מינית בישראל:,מרצ,גל״צ,TRUE,חוק ומשפט,תקיפות והטרדות מיניות,https://www.thewhistle.co.il/feed/KRxooaoxOn,הכנסת ה-21,female
27/11/2017,מיקי לוי,על חוק ההמלצות,יש עתיד,ועדה בכנסת,TRUE,חוק ומשפט,חקירות נתניהו,https://www.thewhistle.co.il/feed/qX0nzDL0N9,הכנסת ה-20,male
24/04/2018,מיקי לוי,על מספר שוטרים לנפש בישראל,יש עתיד,רדיו קול הים האדום,untrue,חוק ומשפט,משטרת ישראל,https://www.thewhistle.co.il/feed/AqW783byaJ,הכנסת ה-20,male
24/08/2017,מיקי מכלוף זוהר,על מספר הנרצחים בטרור,ליכוד,103FM,untrue,חוץ ובטחון,סכסוך ישראלי-פלסטיני,https://www.thewhistle.co.il/feed/VnWb2BeWve,הכנסת ה-20,male
04/09/2017,מיקי מכלוף זוהר,על הסמכות לעצור חשודים,ליכוד,ערוץ הכנסת,untrue,חוק ומשפט,חקירות נתניהו,https://www.thewhistle.co.il/feed/3wW6KMmyD2,הכנסת ה-20,male
26/12/2017,מיקי מכלוף זוהר,על החשדות נגד בנימין נתניהו,ליכוד,103FM,untrue,חוק ומשפט,חקירות נתניהו,https://www.thewhistle.co.il/feed/OZWqmXQWjw,הכנסת ה-20,male
26/12/2017,מיקי מכלוף זוהר,על הגידול בתקציב הביטחון כהונת נתניהו,ליכוד,103FM,untrue,כלכלה,תקציב המדינה,https://www.thewhistle.co.il/feed/kDy83QkWwa,הכנסת ה-20,male
27/12/2017,מיקי מכלוף זוהר,על ועדת האתיקה,ליכוד,רדיו חיפה,untrue,"כנסת, ממשלה ומנהל ציבורי",ועדת האתיקה בכנסת,https://www.thewhistle.co.il/feed/Z8yXDEjy42,הכנסת ה-20,male
31/01/2018,מיקי מכלוף זוהר,על קרית גת,ליכוד,103FM,half true,"כנסת, ממשלה ומנהל ציבורי",ועדת האתיקה בכנסת,https://www.thewhistle.co.il/feed/RVxBj3mxZk,הכנסת ה-20,male
08/02/2018,מיקי מכלוף זוהר,על פרסום המלצות המשטרה בחקירות נתניהו,ליכוד,כאן ב׳,mostly untrue,חוק ומשפט,חקירות נתניהו,https://www.thewhistle.co.il/feed/Gkxzv9Exo5,הכנסת ה-20,male
13/02/2018,מיקי מכלוף זוהר,על דחיית העתירה נגד פרסום המלצות המשטרה,ליכוד,103FM,untrue,חוק ומשפט,חקירות נתניהו,https://www.thewhistle.co.il/feed/KRxooldxOn,הכנסת ה-20,male
26/06/2018,מיקי מכלוף זוהר,על ההחלטה לא לפצל את התאגיד,ליכוד,גל״צ,untrue,תקשורת,תאגיד השידור,https://www.thewhistle.co.il/feed/Z909O25yqO,הכנסת ה-20,male
14/08/2018,מיקי מכלוף זוהר,על הערכת תאגיד השידור לגבי העלות הכוללת של האירוויזיון,ליכוד,גל״צ,untrue,תקשורת,תאגיד השידור,https://www.thewhistle.co.il/feed/AqW78DPyaJ,הכנסת ה-20,male
14/08/2018,מיקי מכלוף זוהר,על כהונת ראשי תאגיד השידור,ליכוד,גל״צ,mostly untrue,תקשורת,תאגיד השידור,https://www.thewhistle.co.il/feed/KRxooR6xOn,הכנסת ה-20,male
03/02/2019,מיקי מכלוף זוהר,על עמדתו של בנימין נתניהו על הקמת מדינה פלסטינית:,ליכוד,103FM,untrue,חוץ ובטחון,סכסוך ישראלי-פלסטיני,https://www.thewhistle.co.il/feed/N1xgV2VyeO,מע׳ בחירות,male
01/05/2019,מיקי מכלוף זוהר,"על החשדות נגד רה""מ נתניהו:",ליכוד,כאן ב',untrue,חוק ומשפט,חקירות נתניהו,https://www.thewhistle.co.il/feed/GkxzvZ4xo5,הכנסת ה-21,male
27/05/2019,מיקי מכלוף זוהר,"על מספר המתגייסים לצה""ל:",ליכוד,103FM,untrue,דת ומדינה,חוק הגיוס,https://www.thewhistle.co.il/feed/47yD86zyGP,הכנסת ה-21,male
04/06/2019,מיקי מכלוף זוהר,על התחייבות הליכוד לשמור על תיק המשפטים במפלגה:,ליכוד,רשת,untrue,"כנסת, ממשלה ומנהל ציבורי",משרד המשפטים,https://www.thewhistle.co.il/feed/7nya1g2y9A,הכנסת ה-21,male
15/08/2017,מיקי רוזנטל,על יוזמת שקד לאיסור הדחה של שר מכהן,עבודה,פייסבוק,mostly untrue,חוק ומשפט,חקירות נתניהו,https://www.thewhistle.co.il/feed/AqW78ewyaJ,הכנסת ה-20,male
06/01/2018,מיקי רוזנטל,על תביעות ביטוח לאומי,עבודה,טוויטר,untrue,"עבודה, רווחה ובריאות",ביטוח לאומי,https://www.thewhistle.co.il/feed/RVxBjLmxZk,הכנסת ה-20,male
01/01/2018,מירב בן ארי,על חוק המרכולים,כולנו,רדיו קול הים האדום,untrue,דת ומדינה,השבת,https://www.thewhistle.co.il/feed/1l0L1L1Wva,הכנסת ה-20,female
06/08/2017,מירי רגב,"על מעורבות נתניהו בתיקים 3,000 ו-4,000",ליכוד,גל״צ,half true,חוק ומשפט,חקירות נתניהו,https://www.thewhistle.co.il/feed/rVxwgPGxmA,הכנסת ה-20,female
03/09/2017,מירי רגב,על סעיפי חוק הנכבה,ליכוד,גל״צ,half true,חוץ ובטחון,סכסוך ישראלי-פלסטיני,https://www.thewhistle.co.il/feed/jKx28nZWZq,הכנסת ה-20,female
03/09/2017,מירי רגב,על סמכותה לשלול תקציבים מתוקף חוק הנכבה,ליכוד,גל״צ,TRUE,חוץ ובטחון,סכסוך ישראלי-פלסטיני,https://www.thewhistle.co.il/feed/NR0d2AAyBV,הכנסת ה-20,female
07/01/2018,מירי רגב,על מסחר בשבתון באירופה,ליכוד,אולפן ynet,untrue,דת ומדינה,השבת,https://www.thewhistle.co.il/feed/jKx28OjWZq,הכנסת ה-20,female
08/04/2018,מירי רגב,על כרמי גילון,ליכוד,גל״צ,untrue,"כנסת, ממשלה ומנהל ציבורי",רצח רבין,https://www.thewhistle.co.il/feed/a5xQzkQ0qA,הכנסת ה-20,female
07/06/2018,מירי רגב,על הטקס בטיימס סקוור,ליכוד,כאן ב׳,untrue,"כנסת, ממשלה ומנהל ציבורי",חגיגות ה-70,https://www.thewhistle.co.il/feed/e30EJN7WXQ,הכנסת ה-20,female
07/06/2018,מירי רגב,על ביטול המשחק נגד ארגנטינה,ליכוד,כאן ב׳,untrue,"חינוך, תרבות וספורט",כדורגל,https://www.thewhistle.co.il/feed/Z909ONbyqO,הכנסת ה-20,female
26/07/2018,מירי רגב,על פסיטבל הקולנוע בירושלים,ליכוד,פייסבוק,untrue,"חינוך, תרבות וספורט",קולנוע ישראלי,https://www.thewhistle.co.il/feed/kDy839GWwa,הכנסת ה-20,female
14/08/2018,מירי רגב,על גוש עציון,ליכוד,פייסבוק,untrue,חוץ ובטחון,סכסוך ישראלי-פלסטיני,https://www.thewhistle.co.il/feed/GPxPqNJ0a6,הכנסת ה-20,female
31/10/2018,מירי רגב,על תקציב התרבות בעת כהונתה לעומת תקופתו של יאיר לפיד באוצר,ליכוד,פייסבוק,mostly true,כלכלה,תקציב המדינה,https://www.thewhistle.co.il/feed/nJy3Y1k0PO,הכנסת ה-20,female
06/01/2019,מירי רגב,"על דברים שנכתבו בדו""ח מבקר המדינה על בני גנץ",ליכוד,גל״צ,mostly untrue,חוץ ובטחון,בני גנץ,https://www.thewhistle.co.il/feed/O10Y9a20wq,מע׳ בחירות,female
13/09/2017,מנחם אליעזר מוזס,על חוק הגיוס,יהדות התורה,כאן ב׳,mostly untrue,דת ומדינה,חוק הגיוס,https://www.thewhistle.co.il/feed/QOxe2bY0GE,הכנסת ה-20,male
14/09/2017,מנחם אליעזר מוזס,על מינוי שופטים,יהדות התורה,הארץ,mostly untrue,חוק ומשפט,"בג""ץ",https://www.thewhistle.co.il/feed/AqW781myaJ,הכנסת ה-20,male
28/02/2019,מפלגת הליכוד,"על החלטת בג""ץ לאפשר את פרסום החלטת היועמ""ש בתיקי נתניהו:",ליכוד,גלובס,mostly untrue,חוק ומשפט,חקירות נתניהו,https://www.thewhistle.co.il/feed/Xr0mz3rWpv,מע׳ בחירות,male
21/08/2017,מקורבים למש׳ נתניהו,על התביעה נגד שרה נתניהו,,הודעה לעיתונות,mostly untrue,חוק ומשפט,שרה נתניהו,https://www.thewhistle.co.il/feed/qX0nz1e0N9,הכנסת ה-20,male
13/12/2017,מרב מיכאלי,על שילוב נשים בצה״ל,עבודה,ערוץ 10,mostly true,דת ומדינה,שוויון זכויות,https://www.thewhistle.co.il/feed/Xr0mzL2Wpv,הכנסת ה-20,female
21/01/2018,מרב מיכאלי,על משך חופשת לידה,עבודה,כאן ב׳,half true,דת ומדינה,שוויון זכויות,https://www.thewhistle.co.il/feed/8d0G7oV0Jn,הכנסת ה-20,female
18/10/2018,מרב מיכאלי,על שיעור העוני בשנות כהונתו של נתניהו,עבודה,רדיוס,half true,כלכלה,עוני ואי-שיוויון,https://www.thewhistle.co.il/feed/wzy5KA40Q6,הכנסת ה-20,female
28/11/2018,מרב מיכאלי,על רצח נשים בישראל,עבודה,גל״צ,TRUE,דת ומדינה,שוויון זכויות,https://www.thewhistle.co.il/feed/8d0G7gK0Jn,הכנסת ה-20,female
06/06/2019,משה (בוגי) יעלון,על חוסר הסדר בעבודת הממשלה:,כחול לבן,גל״צ,half true,"כנסת, ממשלה ומנהל ציבורי",תכניות עבודה ממשלתיות,https://www.thewhistle.co.il/feed/O10Y9Mp0wq,הכנסת ה-21,male
10/07/2019,משה (בוגי) יעלון,על הצלחתו בגיוס חרדים:,כחול לבן,103FM,untrue,דת ומדינה,חוק הגיוס,https://www.thewhistle.co.il/feed/e30EJYRWXQ,מע׳ בחירות,male
29/01/2019,משה בר סימן טוב,על ההוצאה ציבורית על בריאות בישראל:,,גל״צ,mostly untrue,כלכלה,תקציב הבריאות,https://www.thewhistle.co.il/feed/YXylJe60w2,מע׳ בחירות,male
17/03/2019,משה גפני,על בנייה ייעודית לחרדים:,יהדות התורה,נאום,mostly untrue,כלכלה,יוקר המחיה,https://www.thewhistle.co.il/feed/3wW6KgGyD2,מע׳ בחירות,male
17/06/2018,משה כחלון,על הפחתת מס על טבק,כולנו,גל״צ,untrue,כלכלה,מסים,https://www.thewhistle.co.il/feed/NR0d2RbyBV,הכנסת ה-20,male
07/07/2018,משה כחלון,על הירידה בעוני ואי-שיוויון,כולנו,רשת,mostly untrue,כלכלה,עוני ואי-שיוויון,https://www.thewhistle.co.il/feed/O10Y9mj0wq,הכנסת ה-20,male
16/07/2018,משה כחלון,על מחירי הדירות,כולנו,כאן ב׳,untrue,כלכלה,יוקר המחיה,https://www.thewhistle.co.il/feed/Jm0AKzNyaM,הכנסת ה-20,male
17/12/2018,משה כחלון,על מדד אי השיוויון בתקופתו כשר אוצר,כולנו,פייסבוק,untrue,כלכלה,אי-שיוויון,https://www.thewhistle.co.il/feed/rVxwgqOxmA,הכנסת ה-20,male
21/01/2019,משה כחלון,על שכר המינימום בישראל,כולנו,טוויטר,untrue,כלכלה,שכר,https://www.thewhistle.co.il/feed/DKWRRD6Wbj,מע׳ בחירות,male
10/02/2019,משה כחלון,על תקציב הבריאות בתקופת כהונתו:,כולנו,גל״צ,mostly true,כלכלה,תקציב הבריאות,https://www.thewhistle.co.il/feed/7nya16wy9A,מע׳ בחירות,male
12/09/2017,משה פייגלין,על תחבורה ציבורית,זהות,103FM,untrue,תחבורה,תחבורה ציבורית,https://www.thewhistle.co.il/feed/Xr0mzdvWpv,הכנסת ה-20,male
11/03/2019,משה פייגלין,על הבעיה במערכת החינוך:,זהות,רשת,half true,כלכלה,תקציב החינוך,https://www.thewhistle.co.il/feed/OZWqm5KWjw,מע׳ בחירות,male
28/03/2019,משה פייגלין,על יעילות ניהול הכספים של הביטוח הלאומי:,זהות,103FM,untrue,"כנסת, ממשלה ומנהל ציבורי",מבקר המדינה,https://www.thewhistle.co.il/feed/O10Y9nl0wq,מע׳ בחירות,male
12/12/2017,נורית קורן,על הגעת פליטים דרך מצרים,ליכוד,רשת,untrue,דת ומדינה,הגירה,https://www.thewhistle.co.il/feed/6a0JDlOyLN,הכנסת ה-20,female
15/01/2018,נורית קורן,על ויצ״ו וחטופי תימן,ליכוד,הודעה לעיתונות,mostly untrue,"עבודה, רווחה ובריאות",חטופי תימן והבלקן,https://www.thewhistle.co.il/feed/nJy3Y2q0PO,הכנסת ה-20,female
23/10/2018,ניסן סלומינסקי,על חוק הלאום,הבית היהודי,רשת,untrue,דת ומדינה,שוויון זכויות,https://www.thewhistle.co.il/feed/e30EJdNWXQ,הכנסת ה-20,male
30/06/2019,ניצן הורוביץ,על הצבעות ישראל ביתנו בנושאים אזרחיים:,מרצ,כאן ב׳,mostly true,דת ומדינה,שוויון זכויות,https://www.thewhistle.co.il/feed/YXylJ940w2,מע׳ בחירות,male
18/07/2019,ניצן הורוביץ,על מצוקת האשפוז בישראל:,מרצ,פייסבוק,half true,"עבודה, רווחה ובריאות",מיטות אשפוז,https://www.thewhistle.co.il/feed/7nyaOjo09A,מע׳ בחירות,male
17/04/2019,ניר ברקת,"על שיעורי הגיוס לצה""ל בבירה:",ליכוד,כאן ב',untrue,דת ומדינה,חוק הגיוס,https://www.thewhistle.co.il/feed/LK0ZavJxPk,מע׳ בחירות,male
31/08/2017,נפתלי בנט,על העלייה במס׳ הניגשים ל-5 יח״ל,הבית היהודי,גלי ישראל,untrue,"חינוך, תרבות וספורט",חינוך,https://www.thewhistle.co.il/feed/Z909OAByqO,הכנסת ה-20,male
17/09/2017,נפתלי בנט,על סמכות ביהמ״ש לפסול חוקים,הבית היהודי,ערוץ 7,TRUE,חוק ומשפט,"בג""ץ",https://www.thewhistle.co.il/feed/2GWMp4E0nv,הכנסת ה-20,male
18/09/2017,נפתלי בנט,"על סמכות בג""ץ להתערב בחוקי יסוד",הבית היהודי,גל״צ,half true,חוק ומשפט,"בג""ץ",https://www.thewhistle.co.il/feed/Z8yXD4My42,הכנסת ה-20,male
20/12/2017,נפתלי בנט,"בעקבות הצעת החוק שתצמצם את סמכות בג""ץ לפסול חוקים",הבית היהודי,כאן ב׳,untrue,חוק ומשפט,"בג""ץ",https://www.thewhistle.co.il/feed/dJxVqjny2D,הכנסת ה-20,male
24/01/2018,נפתלי בנט,על בחינת בקשות מקלט בישראל,הבית היהודי,כאן ב׳,untrue,דת ומדינה,הגירה,https://www.thewhistle.co.il/feed/YXylJlK0w2,הכנסת ה-20,male
24/01/2018,נפתלי בנט,על מבקשי מקלט ומהגרי עבודה מסודן ומאריתראה השוהים בישראל,הבית היהודי,פייסבוק,mostly untrue,דת ומדינה,הגירה,https://www.thewhistle.co.il/feed/NR0d2lgyBV,הכנסת ה-20,male
09/05/2018,נפתלי בנט,על קידום פסקת ההתגברות,הבית היהודי,גל״צ,untrue,דת ומדינה,הגירה,https://www.thewhistle.co.il/feed/Z8yXDPVy42,הכנסת ה-20,male
27/05/2018,נפתלי בנט,על חקירות חברי ממשלה בעשרות השנים האחרונות,הבית היהודי,כאן ב׳,TRUE,חוק ומשפט,חקירות נתניהו,https://www.thewhistle.co.il/feed/qX0nzwl0N9,הכנסת ה-20,male
18/07/2018,נפתלי בנט,על מחסור ברופאים בישראל,הבית היהודי,הודעה לעיתונות,mostly true,"עבודה, רווחה ובריאות",מערכת הבריאות,https://www.thewhistle.co.il/feed/N1xgVzayeO,הכנסת ה-20,male
23/11/2018,נפתלי בנט,על בית הדין הפלילי הבינלאומי,הבית היהודי,פייסבוק,untrue,חוץ ובטחון,יחסים בינ״ל,https://www.thewhistle.co.il/feed/Z909OZqyqO,הכנסת ה-20,male
04/02/2019,נפתלי בנט,על העלייה במספר הנגישים ל-5 יחידות מתמטיקה:,הימין החדש,פייסבוק,mostly untrue,"חינוך, תרבות וספורט",בגרות במתמטיקה,https://www.thewhistle.co.il/feed/OZWqmAKWjw,מע׳ בחירות,male
06/02/2019,נפתלי בנט,"על מצבה הכספי של הבית היהודי בתקופתו כיו""ר",הימין החדש,רשת,mostly untrue,"כנסת, ממשלה ומנהל ציבורי",בחירות לכנסת,https://www.thewhistle.co.il/feed/Z8yXD8ay42,מע׳ בחירות,male
24/02/2019,נפתלי בנט,על פעולתו מול מונופול נשר בתחום המלט:,הימין החדש,גל״צ,mostly untrue,כלכלה,מונופול המלט,https://www.thewhistle.co.il/feed/jKx28qOWZq,מע׳ בחירות,male
18/03/2019,נפתלי בנט,על שיטת מינוי השופטים בישראל,הימין החדש,גל״צ,untrue,"חינוך, תרבות וספורט",מספר ילדים בכיתה,https://www.thewhistle.co.il/feed/1l0L1VEWva,מע׳ בחירות,male
18/03/2019,נפתלי בנט,על הקטנת מספר התלמידים בכיתות בתקופתו במשרד החינוך:,הימין החדש,פייסבוק,untrue,חוץ ובטחון,סכסוך ישראלי-פלסטיני,https://www.thewhistle.co.il/feed/wzy5KPM0Q6,מע׳ בחירות,male
06/09/2017,סתיו שפיר,על תקציב דו-שנתי,עבודה,פייסבוק,TRUE,כלכלה,תקציב המדינה,https://www.thewhistle.co.il/feed/QrxOM35W9B,הכנסת ה-20,female
11/01/2018,סתיו שפיר,על תכנית לצפון בתקציב,עבודה,כאן ב׳,untrue,כלכלה,תכנית הצפון,https://www.thewhistle.co.il/feed/ORxK9LRWjK,הכנסת ה-20,female
31/01/2018,סתיו שפיר,על ועדת האתיקה,עבודה,גל״צ,mostly untrue,"כנסת, ממשלה ומנהל ציבורי",ועדת האתיקה בכנסת,https://www.thewhistle.co.il/feed/O4Wk2l50jb,הכנסת ה-20,female
06/06/2018,סתיו שפיר,על זכויות להט״ב בישראל,עבודה,רדיו ת״א,TRUE,דת ומדינה,שוויון זכויות,https://www.thewhistle.co.il/feed/GPxPq660a6,הכנסת ה-20,female
11/03/2019,סתיו שפיר,על תקציבי הבריאות והרווחה בתקופת ממשלת הליכוד:,עבודה,קשת,mostly untrue,כלכלה,תקציב המדינה,https://www.thewhistle.co.il/feed/qX0nzKK0N9,מע׳ בחירות,female
01/10/2017,עבד אל חכים חאג' יחיא,על ביקורי ח״כים אצל אסירים בטחוניים,הרשימה המשותפת,103FM,untrue,חוץ ובטחון,סכסוך ישראלי-פלסטיני,https://www.thewhistle.co.il/feed/Z909OeXyqO,הכנסת ה-20,male
05/08/2018,עבד אל חכים חאג' יחיא,על דיור ציבורי לערבים,הרשימה המשותפת,ערוץ 10,TRUE,"עבודה, רווחה ובריאות",דיור ציבורי,https://www.thewhistle.co.il/feed/rVxwgd2xmA,הכנסת ה-20,male
04/12/2017,עודד פורר,על חוק המרכולים,ישראל ביתנו,גל״צ,untrue,דת ומדינה,השבת,https://www.thewhistle.co.il/feed/Z8yXDepy42,הכנסת ה-20,male
10/04/2019,עודד פורר,על מחויבות הליכוד להפלת החמאס:,ישראל ביתנו,"גל""צ",mostly untrue,חוץ ובטחון,סכסוך ישראלי-פלסטיני,https://www.thewhistle.co.il/feed/RVxBj6axZk,מע׳ בחירות,male
29/04/2019,עודד פורר,על תרומת ישראל ביתנו לקצבאות העולים הקשישים:,ישראל ביתנו,רשת,half true,"עבודה, רווחה ובריאות",קצבאות זיקנה,https://www.thewhistle.co.il/feed/qX0nz5Z0N9,הכנסת ה-21,male
30/05/2019,עודד פורר,על מעורבות החרדים באישור הסכמי אוסלו:,ישראל ביתנו,כאן ב',mostly untrue,"כנסת, ממשלה ומנהל ציבורי",הסכמי אוסלו,https://www.thewhistle.co.il/feed/RVxBj5axZk,הכנסת ה-21,male
10/07/2019,עידית סילמן,על הפיקוח על מעונות היום:,הבית היהודי,פייסבוק,half true,"חינוך, תרבות וספורט",מעונות יום,https://www.thewhistle.co.il/feed/rVxwAb1WmA,מע׳ בחירות,female
04/01/2018,עמיר פרץ,על עונש מוות למחבלים,עבודה,גל״צ,untrue,חוץ ובטחון,סכסוך ישראלי-פלסטיני,https://www.thewhistle.co.il/feed/a5xQzLr0qA,הכנסת ה-20,male
07/06/2019,עמיר פרץ,על יכולתו למשוך מצביעי ליכוד:,עבודה,קשת,mostly true,"כנסת, ממשלה ומנהל ציבורי",הבחירות לכנסת,https://www.thewhistle.co.il/feed/QOxe2qY0GE,הכנסת ה-21,male
11/04/2018,ענת ברקו,על סיוע ישראלי לסורים,ליכוד,רדיו דרום - אשדוד,untrue,חוץ ובטחון,המלחמה בסוריה,https://www.thewhistle.co.il/feed/6a0JDXoyLN,הכנסת ה-20,female
02/08/2018,ענת ברקו,על מעמד השפה הערבית,ליכוד,ערוץ 10,mostly untrue,דת ומדינה,שוויון זכויות,https://www.thewhistle.co.il/feed/O4Wk2A40jb,הכנסת ה-20,female
23/04/2019,עפר שלח,על פתיחת השגרירות האמריקאית בירושלים:,כחול לבן,"גל""צ",mostly untrue,חוץ ובטחון,יחסים בינ״ל,https://www.thewhistle.co.il/feed/dJxVqRMy2D,מע׳ בחירות,male
08/02/2019,צבי האוזר,על היקף הבנייה ביהודה ושומרון,חוסן לישראל,ידיעות אחרונות,untrue,חוץ ובטחון,סכסוך ישראלי-פלסטיני,https://www.thewhistle.co.il/feed/VnWb2wQWve,מע׳ בחירות,male
28/03/2019,צבי האוזר,על ההתיישבות בגולן:,כחול לבן,רשת,mostly true,דת ומדינה,הגירה,https://www.thewhistle.co.il/feed/M8W1O4exge,מע׳ בחירות,male
31/10/2017,צחי הנגבי,על סמכות המשטרה,ליכוד,כאן ב׳,untrue,חוק ומשפט,חקירות נתניהו,https://www.thewhistle.co.il/feed/8d0G7nr0Jn,הכנסת ה-20,male
14/12/2017,צחי הנגבי,על פריימריז פתוחים,ליכוד,גל״צ,mostly true,"כנסת, ממשלה ומנהל ציבורי",בחירות לכנסת,https://www.thewhistle.co.il/feed/M8W1OX1xge,הכנסת ה-20,male
26/12/2017,צחי הנגבי,על תוקף חוק ההמלצות על תיק הצוללות,ליכוד,כאן ב׳,TRUE,חוק ומשפט,חקירות נתניהו,https://www.thewhistle.co.il/feed/owxvgk90V6,הכנסת ה-20,male
16/01/2018,צחי הנגבי,על שגרירות ארה״ב בישראל,ליכוד,גל״צ,mostly untrue,חוץ ובטחון,יחסים בינ״ל,https://www.thewhistle.co.il/feed/GPxPq850a6,הכנסת ה-20,male
25/02/2018,צחי הנגבי,על הודעת הממשל בדבר העברת השגרירות לירושלים,ליכוד,רדיו דרום,untrue,חוץ ובטחון,יחסים בינ״ל,https://www.thewhistle.co.il/feed/N1xgVrOyeO,הכנסת ה-20,male
21/05/2019,צחי הנגבי,על הביקורת על רוחבה של הממשלה:,ליכוד,"גל""צ",mostly true,"כנסת, ממשלה ומנהל ציבורי",הרכב ממשלות,https://www.thewhistle.co.il/feed/Z909O8XyqO,הכנסת ה-21,male
07/08/2017,ציפי חוטובלי,"על תיק 2,000",ליכוד,פייסבוק,untrue,חוק ומשפט,חקירות נתניהו,https://www.thewhistle.co.il/feed/QrxOMOVW9B,הכנסת ה-20,female
24/08/2017,ציפי חוטובלי,על נאום בר אילן,ליכוד,כאן ב׳,half true,חוץ ובטחון,סכסוך ישראלי-פלסטיני,https://www.thewhistle.co.il/feed/Z8yXDb8y42,הכנסת ה-20,female
03/12/2017,ציפי חוטובלי,על הריסת נתיב האבות,ליכוד,פייסבוק,untrue,חוק ומשפט,"בג""ץ",https://www.thewhistle.co.il/feed/OZWqmBaWjw,הכנסת ה-20,female
24/12/2017,ציפי חוטובלי,על פרישת ישראל מאונסק״ו,ליכוד,ערוץ 20,untrue,חוץ ובטחון,יחסים בינ״ל,https://www.thewhistle.co.il/feed/DKWRRJaWbj,הכנסת ה-20,female
24/02/2018,ציפי חוטובלי,על משקלה של עדות עד מדינה,ליכוד,רשת,half true,חוק ומשפט,חקירות נתניהו,https://www.thewhistle.co.il/feed/GPxPqB50a6,הכנסת ה-20,female
26/04/2018,ציפי חוטובלי,על השגרירות הצ׳כית,ליכוד,כאן ב׳,mostly untrue,חוץ ובטחון,יחסים בינ״ל,https://www.thewhistle.co.il/feed/YMWp5KdyKk,הכנסת ה-20,female
21/11/2018,ציפי חוטובלי,על הפיצול בתנועת הליכוד בעקבות תוכנית ההתנתקות,ליכוד,פייסבוק,mostly untrue,חוץ ובטחון,מו״מ מדיני,https://www.thewhistle.co.il/feed/YXylJrL0w2,הכנסת ה-20,female
11/07/2019,ציפי חוטובלי,על הדמוקרטיה הפנימית בליכודף,ליכוד,קשת,untrue,"כנסת, ממשלה ומנהל ציבורי",פריימריז,https://www.thewhistle.co.il/feed/Z909KBJyqO,מע׳ בחירות,female
30/08/2017,ציפי לבני,על מדיניות הבית היהודי,התנועה,כאן ב׳,untrue,חוץ ובטחון,סכסוך ישראלי-פלסטיני,https://www.thewhistle.co.il/feed/47yD8gAyGP,הכנסת ה-20,female
30/10/2017,ציפי לבני,על דבריו של ליברמן,התנועה,טוויטר,TRUE,דת ומדינה,שוויון זכויות,https://www.thewhistle.co.il/feed/QXx46opW78,הכנסת ה-20,female
24/05/2018,קארין אלהרר,על הצעת חוק להגבלת הפרקליטות,יש עתיד,רדיו ירושלים,half true,חוק ומשפט,חקירות נתניהו,https://www.thewhistle.co.il/feed/nJy3YX50PO,הכנסת ה-20,female
23/05/2018,קסניה סבטלובה,על ישראלים שאינם יכולים להינשא בישראל,התנועה,רשת,TRUE,דת ומדינה,הרבנות הראשית,https://www.thewhistle.co.il/feed/Z8yXDmVy42,הכנסת ה-20,female
14/03/2018,רוברט אילטוב,על פרישתה של אורלי לוי-אבקסיס מישראל ביתנו,ישראל ביתנו,גל״צ,untrue,"כנסת, ממשלה ומנהל ציבורי",אורלי לוי-אבקסיס,https://www.thewhistle.co.il/feed/O10Y9JJ0wq,הכנסת ה-20,male
20/04/2018,רויטל סוויד,על המודל הבריטי,עבודה,ערוץ 10,TRUE,חוק ומשפט,"בג""ץ",https://www.thewhistle.co.il/feed/LK0ZaPAxPk,הכנסת ה-20,female
04/10/2018,רון חולדאי,על סמכויות עיריית תל-אביב בנושא תחבורה ציבורית,,גל״צ,TRUE,תחבורה,תחבורה ציבורית,https://www.thewhistle.co.il/feed/8d0G7kK0Jn,הכנסת ה-20,male
22/10/2018,רון חולדאי,על סמכויות האכיפה בתחום האופניים החשמליים,,וואלה!,mostly untrue,תחבורה,תחבורה,https://www.thewhistle.co.il/feed/GPxPqm70a6,הכנסת ה-20,male
02/11/2017,רועי פולקמן,על הורדת מס רכישה על טלפונים ניידים,כולנו,גל״צ,untrue,כלכלה,יוקר המחיה,https://www.thewhistle.co.il/feed/kDy83omWwa,הכנסת ה-20,male
07/11/2017,רועי פולקמן,על משבר קק״ל,כולנו,כאן ב׳,mostly untrue,כלכלה,"קק""ל",https://www.thewhistle.co.il/feed/Z909OoXyqO,הכנסת ה-20,male
20/04/2018,רועי פולקמן,על צמצום המשקיעים בשוק הדיור,כולנו,רדיו חיפה,TRUE,כלכלה,יוקר המחיה,https://www.thewhistle.co.il/feed/Jm0AKvayaM,הכנסת ה-20,male
27/08/2018,רועי פולקמן,על שיעור האבטלה במשק,כולנו,רשת,misleading,כלכלה,יוקר המחיה,https://www.thewhistle.co.il/feed/kDy83w5Wwa,הכנסת ה-20,male
27/08/2018,רועי פולקמן,על השינוי במחיר דג האמנון הקפוא במהלך כהונתו של כחלון,כולנו,רשת,mostly true,כלכלה,יוקר המחיה,https://www.thewhistle.co.il/feed/7nya1mPy9A,הכנסת ה-20,male
18/11/2018,רועי פולקמן,על הגירעון התקציבי בשלוש הממשלות האחרונות,כולנו,גל״צ,half true,כלכלה,תקציב המדינה,https://www.thewhistle.co.il/feed/Jm0AKnByaM,הכנסת ה-20,male
10/03/2019,רועי פולקמן,על אופן מדידת הגירעון,כולנו,גל״צ,mostly untrue,כלכלה,תקציב המדינה,https://www.thewhistle.co.il/feed/QXx46DlW78,מע׳ בחירות,male
16/04/2018,רחל עזריה,על זכויות להט״בים,כולנו,גל״צ,mostly true,דת ומדינה,שוויון זכויות,https://www.thewhistle.co.il/feed/nJy3YlM0PO,הכנסת ה-20,female
19/02/2019,רם בן ברק,על עמדת יש עתיד לפתרון הסכסוך עם הפלסטינים,יש עתיד,103FM,untrue,חוץ ובטחון,סכסוך ישראלי-פלסטיני,https://www.thewhistle.co.il/feed/a5xQz4l0qA,מע׳ בחירות,male
03/06/2019,רפי פרץ,על תיק החינוך:,הבית היהודי,גל״צ,untrue,"חינוך, תרבות וספורט",משרד החינוך,https://www.thewhistle.co.il/feed/a5xQzKe0qA,הכנסת ה-21,male
23/08/2017,שולי מועלם-רפאלי,על האיסור על עליית ח״כים יהודים להר הבית,הבית היהודי,וואלה!,TRUE,חוץ ובטחון,סכסוך ישראלי-פלסטיני,https://www.thewhistle.co.il/feed/kDy83DzWwa,הכנסת ה-20,female
29/07/2018,שולי מועלם-רפאלי,על חוק הלאום,הבית היהודי,רדיו דרום,mostly untrue,דת ומדינה,שוויון זכויות,https://www.thewhistle.co.il/feed/OZWqmvmWjw,הכנסת ה-20,female
07/11/2017,שי באב״ד,על משבר קק״ל,,גל״צ,untrue,כלכלה,"קק""ל",https://www.thewhistle.co.il/feed/3wW6KvGyD2,הכנסת ה-20,male
11/01/2018,שי באב״ד,על יחס חוב-תוצר,,כאן ב׳,untrue,כלכלה,תקציב המדינה,https://www.thewhistle.co.il/feed/Xr0mz86Wpv,הכנסת ה-20,male
27/05/2018,שי באב״ד,על מחיר למשתכן ומדד הלמ״ס,,כאן ב׳,untrue,כלכלה,יוקר המחיה,https://www.thewhistle.co.il/feed/AqW78NbyaJ,הכנסת ה-20,male
02/09/2018,שי באב״ד,על השביתה במעונות היום,,כאן ב׳,untrue,"עבודה, רווחה ובריאות",מעונות יום,https://www.thewhistle.co.il/feed/OZWqm46Wjw,הכנסת ה-20,male
16/01/2019,שי באב״ד,על שקלול 'מחיר למשתכן' במדד מחירי הדירות:,,אולפן ynet,untrue,כלכלה,יוקר המחיה,https://www.thewhistle.co.il/feed/LK0Za5MxPk,מע׳ בחירות,male
13/02/2018,שלי יחימוביץ׳,על התפטרות אהוד אולמרט,עבודה,רשת,TRUE,חוק ומשפט,חקירות נתניהו,https://www.thewhistle.co.il/feed/Jm0AKeZyaM,הכנסת ה-20,female
04/09/2018,שלי יחימוביץ׳,על מס ירושה,עבודה,103FM,mostly untrue,כלכלה,מסים,https://www.thewhistle.co.il/feed/a5xQzG50qA,הכנסת ה-20,female
14/05/2019,שלי יחימוביץ׳,על הונו של רה״מ נתניהו:,עבודה,רשת,mostly untrue,חוק ומשפט,חקירות נתניהו,https://www.thewhistle.co.il/feed/GPxPq320a6,הכנסת ה-21,female
19/05/2019,שלי יחימוביץ׳,על התיקון לחוק החסינות ב-2005,עבודה,"גל""צ",mostly untrue,"כנסת, ממשלה ומנהל ציבורי",הרכב ועדות הכנסת,https://www.thewhistle.co.il/feed/kDy83rmWwa,הכנסת ה-21,female
23/10/2017,שלמה נאמן,על נתיב האבות,,גל״צ,mostly untrue,חוץ ובטחון,סכסוך ישראלי-פלסטיני,https://www.thewhistle.co.il/feed/ORxK9bJWjK,הכנסת ה-20,male
01/02/2018,שמואל אליהו,על התנגדותו לשירות נשים בתפקידי לחימה,,רדיו ירושלים,untrue,דת ומדינה,שוויון זכויות,https://www.thewhistle.co.il/feed/3wW6K6RyD2,הכנסת ה-20,male
07/02/2018,שמואל אליהו,על אמירותיו בנוגע לאיסור השכרת דירות לערבים,,כאן ב׳,untrue,דת ומדינה,שוויון זכויות,https://www.thewhistle.co.il/feed/nJy3Ydq0PO,הכנסת ה-20,male
25/04/2018,תמר זנדברג,על שיקום שכונות,מרצ,גל״צ,untrue,"עבודה, רווחה ובריאות",שיקום שכונות,https://www.thewhistle.co.il/feed/2GWMpPa0nv,הכנסת ה-20,female
17/07/2018,תמר זנדברג,על ביקור ראש ממשלת הונגריה,מרצ,גל״צ,half true,חוץ ובטחון,יחסים בינ״ל,https://www.thewhistle.co.il/feed/AqW78YPyaJ,הכנסת ה-20,female
12/09/2018,תמר זנדברג,על עמדות סיעות הכנסת ביחס לפתרון שתי המדינות,מרצ,כאן ב׳,half true,חוץ ובטחון,סכסוך ישראלי-פלסטיני,https://www.thewhistle.co.il/feed/QrxOM5eW9B,הכנסת ה-20,female
03/10/2018,תמר זנדברג,על ההשקעה הכספית לילד בחינוך בישראל,מרצ,פייסבוק,untrue,"חינוך, תרבות וספורט",השקעה בחינוך,https://www.thewhistle.co.il/feed/jKx28D1WZq,הכנסת ה-20,female
